Date,Price,Open,High,Low,Vol.
2026-09-30,1293.0,1296.75,1311.5,1289.75,178661
2026-09-29,1297.75,1287.0,1304.0,1284.0,148577
2026-09-28,1288.25,1319.0,1322.5,1279.25,226871
2026-09-25,1319.0,1317.5,1320.5,1297.5,193676
2026-09-24,1317.5,1310.0,1327.75,1310.0,140637
2026-09-23,1318.0,1324.75,1327.25,1311.0,128115
2026-09-22,1325.5,1327.0,1331.5,1318.5,117696
2026-09-21,1328.0,1304.0,1328.5,1303.5,137564
2026-09-18,1303.5,1317.5,1322.0,1300.0,123932
2026-09-17,1319.75,1319.5,1331.75,1312.0,145289
2026-09-16,1320.5,1318.0,1332.25,1313.5,122054
2026-09-15,1318.75,1303.25,1319.5,1294.25,130387
2026-09-14,1285.25,1285.25,1285.25,1285.25,140746
2026-09-11,1280.25,1296.0,1296.0,1280.25,3
2026-09-10,1316.0,1300.75,1318.25,1300.75,6
2026-09-09,1295.25,1303.5,1307.0,1295.25,21
2026-09-08,1302.5,1298.0,1302.5,1297.75,53
2026-09-04,1293.75,1308.0,1308.0,1293.75,26
2026-09-03,1306.25,1295.5,1306.25,1284.0,183
2026-09-02,1301.75,1300.75,1301.75,1293.75,200
2026-09-01,1306.75,1304.0,1306.75,1304.0,214
2026-08-31,1275.25,1274.5,1278.5,1266.0,340
2026-08-28,1276.25,1257.5,1278.25,1257.5,7638
2026-08-27,1256.5,1250.5,1260.5,1239.75,9338
2026-08-26,1254.25,1228.5,1259.25,1223.25,17322
2026-08-25,1228.0,1215.0,1229.5,1209.5,19938
2026-08-24,1216.0,1224.75,1225.75,1205.25,35626
2026-08-21,1225.0,1218.75,1225.75,1209.75,20499
2026-08-20,1220.75,1221.0,1228.25,1218.5,21217
2026-08-19,1222.25,1199.25,1224.5,1198.25,21836
2026-08-18,1200.75,1199.75,1215.25,1198.25,21476
2026-08-17,1201.0,1178.5,1203.0,1173.5,29146
2026-08-14,1173.75,1173.75,1173.75,1173.75,18241
2026-08-13,1168.25,1165.75,1168.25,1165.5,140
2026-08-12,1164.75,1155.0,1168.0,1155.0,44
2026-08-11,1147.5,1152.25,1152.25,1145.5,6
2026-08-10,1157.75,1160.5,1161.5,1157.75,28
2026-08-07,1156.5,1165.5,1165.5,1156.5,59
2026-08-06,1157.25,1151.75,1157.5,1151.25,135
2026-08-05,1151.5,1149.25,1152.25,1146.25,70
2026-08-04,1155.0,1172.0,1173.0,1149.25,587
2026-08-03,1168.75,1163.75,1175.5,1163.75,1493
2026-07-31,1172.0,1177.0,1181.0,1166.75,3019
2026-07-30,1177.25,1178.0,1184.75,1169.0,18767
2026-07-29,1178.0,1213.5,1217.25,1175.5,28402
2026-07-28,1212.0,1210.25,1217.0,1202.25,47641
2026-07-27,1208.5,1240.5,1244.75,1205.5,41284
2026-07-24,1248.0,1236.75,1250.5,1232.5,50033
2026-07-23,1237.5,1232.0,1242.0,1230.5,43966
2026-07-22,1233.0,1219.0,1238.0,1216.5,53580
2026-07-21,1219.5,1220.0,1227.5,1211.25,48306
2026-07-20,1226.0,1210.0,1231.75,1209.0,42326
2026-07-17,1204.5,1195.0,1205.25,1186.75,29949
2026-07-16,1195.0,1202.0,1207.75,1193.25,36978
2026-07-15,1202.25,1191.0,1204.75,1185.0,43372
2026-07-14,1207.25,1210.0,1210.0,1206.75,36368
2026-07-13,1202.0,1204.25,1208.0,1201.5,63
2026-07-10,1196.5,1190.0,1197.5,1184.5,46
2026-07-09,1179.75,1193.0,1197.0,1179.75,78
2026-07-08,1195.0,1194.0,1207.75,1194.0,46
2026-07-07,1196.75,1180.5,1200.25,1178.5,310
2026-07-06,1182.25,1139.25,1186.5,1139.25,337
2026-07-02,1131.75,1126.25,1135.5,1126.25,1045
2026-07-01,1126.25,1115.0,1133.0,1114.0,692
2026-06-30,1116.75,1109.0,1127.5,1098.75,3252
2026-06-29,1108.75,1124.75,1124.75,1106.5,40404
2026-06-26,1126.25,1127.5,1128.0,1118.75,70484
2026-06-25,1127.5,1107.0,1131.25,1104.5,88122
2026-06-24,1108.75,1117.0,1121.0,1107.0,82057
2026-06-23,1117.0,1116.25,1123.75,1114.0,99709
2026-06-22,1115.75,1125.0,1130.5,1115.0,122725
2026-06-18,1122.75,1132.0,1134.75,1118.5,88659
2026-06-17,1132.0,1130.0,1140.5,1128.25,87007
2026-06-16,1130.0,1119.0,1138.5,1107.5,130321
2026-06-15,1119.25,1111.0,1119.75,1102.5,105184
2026-06-12,1113.5,1115.0,1119.75,1109.25,78465
2026-06-11,1115.0,1123.5,1125.0,1108.25,138491
2026-06-10,1123.0,1113.75,1129.75,1113.0,159784
2026-06-09,1113.75,1116.25,1118.5,1110.25,153585
2026-06-08,1115.75,1122.25,1125.25,1111.25,146893
2026-06-05,1121.5,1130.25,1132.25,1117.5,165660
2026-06-04,1129.5,1153.25,1155.25,1120.5,169190
2026-06-03,1154.0,1167.5,1172.75,1152.5,146845
2026-06-02,1165.25,1181.5,1182.75,1163.0,150085
2026-06-01,1180.75,1186.75,1194.5,1177.75,109000
2026-05-29,1186.75,1198.0,1200.75,1182.75,122544
2026-05-28,1194.5,1186.0,1196.0,1185.0,108394
2026-05-27,1185.25,1185.5,1191.25,1179.75,96239
2026-05-26,1186.0,1192.0,1193.5,1184.5,95376
2026-05-22,1196.5,1193.75,1201.5,1190.5,79295
2026-05-21,1194.25,1199.0,1204.0,1191.0,100858
2026-05-20,1199.75,1210.0,1212.0,1196.0,105957
2026-05-19,1209.5,1213.0,1220.75,1208.0,107278
2026-05-18,1213.0,1202.25,1218.5,1191.0,189268
2026-05-15,1177.0,1193.75,1202.0,1172.25,172123
2026-05-14,1174.5,1210.25,1210.25,1174.5,274891
2026-05-13,1215.25,1213.75,1222.0,1209.5,126
2026-05-12,1213.5,1204.0,1213.5,1203.0,94
2026-05-11,1199.75,1197.0,1209.25,1197.0,115
2026-05-08,1194.25,1180.25,1194.5,1180.25,151
2026-05-07,1177.0,1176.0,1178.5,1167.5,276
2026-05-06,1179.0,1196.25,1196.25,1175.0,252
2026-05-05,1195.75,1215.25,1215.25,1194.5,540
2026-05-04,1207.5,1192.75,1210.75,1192.75,845
2026-05-01,1187.75,1179.75,1188.0,1178.75,2046
2026-04-30,1182.0,1182.5,1190.0,1175.5,3372
2026-04-29,1182.25,1173.25,1183.75,1171.0,38803
2026-04-28,1173.0,1175.75,1177.75,1167.0,91445
2026-04-27,1177.25,1162.0,1179.75,1162.0,81448
2026-04-24,1163.75,1160.25,1164.25,1156.75,68471
2026-04-23,1159.75,1165.0,1168.5,1157.5,106571
2026-04-22,1164.5,1175.0,1184.75,1162.75,113573
2026-04-21,1174.5,1165.5,1178.5,1165.0,103908
2026-04-20,1165.75,1167.25,1171.75,1161.0,81179
2026-04-17,1167.25,1162.75,1167.5,1151.5,124953
2026-04-16,1163.75,1165.75,1170.0,1162.25,132169
2026-04-15,1167.0,1156.75,1171.0,1156.75,160531
2026-04-14,1158.0,1160.5,1168.5,1156.0,129741
2026-04-13,1162.25,1177.0,1183.75,1160.0,150296
2026-04-10,1175.75,1166.5,1179.25,1164.5,149588
2026-04-09,1165.25,1162.0,1170.5,1159.75,125074
2026-04-08,1162.0,1152.0,1163.0,1140.5,142190
2026-04-07,1158.25,1164.75,1170.5,1155.25,105838
2026-04-06,1166.75,1164.5,1169.75,1158.75,62851
2026-04-02,1163.5,1167.25,1174.25,1162.0,0
2026-04-01,1168.5,1171.5,1174.75,1153.0,112701
2026-03-31,1171.0,1159.0,1177.75,1156.0,125889
2026-03-30,1159.75,1165.0,1170.0,1158.25,82484
2026-03-27,1159.25,1172.0,1178.75,1155.75,115720
2026-03-26,1173.75,1173.0,1179.75,1167.0,101877
2026-03-25,1171.75,1153.5,1176.75,1151.5,120496
2026-03-24,1155.0,1164.25,1166.75,1153.75,110638
2026-03-23,1163.5,1160.0,1171.5,1152.5,106430
2026-03-20,1161.25,1166.0,1176.0,1159.5,97252
2026-03-19,1168.5,1165.0,1173.5,1157.0,126121
2026-03-18,1161.75,1156.25,1165.25,1148.0,127547
2026-03-17,1157.0,1147.0,1170.5,1145.25,226253
2026-03-16,1155.25,1214.0,1214.0,1155.25,246832
2026-03-13,1211.0,1200.25,1211.0,1200.25,143763
2026-03-12,1213.0,1215.75,1223.25,1213.0,69
2026-03-11,1200.5,1202.75,1211.75,1200.5,148
2026-03-10,1187.25,1180.0,1191.25,1174.75,107
2026-03-09,1180.5,1195.5,1214.75,1178.75,130
2026-03-06,1185.0,1170.0,1185.0,1170.0,183
2026-03-05,1163.75,1159.5,1165.25,1153.5,370
2026-03-04,1154.5,1157.5,1159.0,1152.0,498
2026-03-03,1155.75,1153.0,1169.25,1149.5,1168
2026-03-02,1150.0,1165.0,1169.75,1146.5,1303
2026-02-27,1157.25,1147.5,1161.0,1146.0,3391
2026-02-26,1147.75,1147.75,1156.0,1129.25,33914
2026-02-25,1148.25,1138.75,1150.0,1132.25,61256
2026-02-24,1139.5,1134.5,1141.5,1128.0,80634
2026-02-23,1134.25,1134.0,1148.5,1127.5,124820
2026-02-20,1137.5,1141.0,1148.25,1121.5,127824
2026-02-19,1141.0,1132.25,1142.0,1129.25,89799
2026-02-18,1133.5,1135.0,1144.0,1127.75,112939
2026-02-17,1134.0,1132.25,1139.25,1125.75,111218
2026-02-13,1133.0,1136.0,1139.5,1122.0,149612
2026-02-12,1137.25,1129.5,1141.5,1128.5,211362
2026-02-11,1124.0,1122.5,1128.25,1113.0,164105
2026-02-10,1122.5,1110.0,1124.0,1106.25,189639
2026-02-09,1110.75,1112.25,1116.25,1106.0,178112
2026-02-06,1115.25,1108.5,1137.75,1102.0,320174
2026-02-05,1112.25,1090.25,1113.25,1086.75,264645
2026-02-04,1092.25,1066.75,1115.25,1059.5,378682
2026-02-03,1065.75,1060.5,1071.0,1060.0,120567
2026-02-02,1060.25,1063.5,1064.0,1051.75,116096
2026-01-30,1064.25,1072.5,1074.0,1061.0,139897
2026-01-29,1072.25,1075.0,1085.5,1069.0,144858
2026-01-28,1075.0,1067.25,1084.75,1067.0,144498
2026-01-27,1067.25,1060.25,1069.5,1058.5,81662
2026-01-26,1061.75,1067.75,1076.25,1059.75,97874
2026-01-23,1067.75,1063.5,1071.5,1061.25,92591
2026-01-22,1064.0,1064.5,1072.5,1060.5,137094
2026-01-21,1064.5,1053.25,1069.25,1053.0,135831
2026-01-20,1053.0,1053.0,1061.75,1052.0,113531
2026-01-16,1057.75,1053.0,1059.0,1047.75,106931
2026-01-15,1053.0,1043.5,1058.25,1041.5,145382
2026-01-14,1030.5,1027.25,1033.25,1027.25,120636
2026-01-13,1023.25,1029.25,1029.75,1023.25,83
2026-01-12,1033.0,1053.75,1056.5,1033.0,101
2026-01-09,1048.5,1047.5,1053.0,1047.5,73
2026-01-08,1047.0,1050.25,1053.0,1047.0,183
2026-01-07,1052.75,1044.75,1055.0,1044.75,233
2026-01-06,1042.0,1048.25,1053.0,1042.0,527
2026-01-05,1047.25,1036.75,1048.0,1035.75,1159
2026-01-02,1029.5,1030.0,1030.0,1022.0,1541
2025-12-31,1030.5,1045.0,1046.75,1030.0,5656
2025-12-30,1046.25,1049.5,1053.5,1044.0,38187
2025-12-29,1049.5,1060.5,1063.5,1049.0,61737
2025-12-26,1058.75,1067.0,1069.25,1057.0,43839
2025-12-24,1063.25,1051.25,1064.75,1050.75,48593
2025-12-23,1051.5,1053.5,1057.75,1049.75,98420
2025-12-22,1053.25,1048.5,1056.0,1048.5,102352
2025-12-19,1049.25,1052.25,1054.0,1047.0,101057
2025-12-18,1052.25,1058.25,1061.25,1051.0,115444
2025-12-17,1058.25,1063.5,1067.5,1053.5,130593
2025-12-16,1062.75,1072.0,1076.25,1059.5,138914
2025-12-15,1071.75,1074.5,1080.0,1067.0,184066
2025-12-12,1076.75,1093.0,1094.5,1075.75,131283
2025-12-11,1093.5,1091.0,1096.0,1086.25,149794
2025-12-10,1091.25,1087.5,1093.25,1081.5,148748
2025-12-09,1087.25,1093.75,1094.75,1084.5,185665
2025-12-08,1093.75,1105.0,1107.5,1092.25,170570
2025-12-05,1105.25,1119.25,1121.0,1104.5,140332
2025-12-04,1119.5,1117.0,1124.5,1114.0,134989
2025-12-03,1115.75,1125.25,1130.75,1115.5,127538
2025-12-02,1124.75,1126.5,1135.75,1123.25,134455
2025-12-01,1128.0,1140.0,1142.25,1127.0,117117
2025-11-28,1137.75,1131.75,1138.75,1129.75,38009
2025-11-26,1131.5,1125.5,1135.25,1122.75,104778
2025-11-25,1124.75,1121.75,1128.75,1117.25,115334
2025-11-24,1123.25,1128.25,1131.0,1116.25,109625
2025-11-21,1125.0,1122.5,1127.5,1113.25,123067
2025-11-20,1122.5,1135.5,1142.75,1121.5,128502
2025-11-19,1136.25,1152.25,1152.5,1135.0,118644
2025-11-18,1153.5,1155.5,1169.5,1147.75,186560
2025-11-17,1157.25,1120.0,1160.25,1114.25,233035
2025-11-14,1112.75,1133.0,1138.75,1112.75,217050
2025-11-13,1132.0,1120.25,1135.75,1115.5,148
2025-11-12,1120.5,1120.75,1120.75,1110.0,99
2025-11-11,1113.25,1110.5,1115.0,1106.0,196
2025-11-10,1116.0,1106.25,1116.0,1106.25,635
2025-11-07,1101.75,1093.5,1102.5,1093.25,350
2025-11-06,1091.75,1115.0,1115.0,1090.0,662
2025-11-05,1119.75,1106.25,1120.25,1106.25,1495
2025-11-04,1108.25,1116.5,1119.0,1100.75,1309
2025-11-03,1119.75,1099.0,1120.75,1099.0,0
2025-10-31,1099.75,1089.25,1100.0,1085.25,7984
2025-10-30,1091.25,1077.5,1101.0,1057.0,54356
2025-10-29,1080.25,1075.75,1084.75,1068.5,83363
2025-10-28,1078.25,1066.5,1091.5,1065.25,136145
2025-10-27,1067.25,1052.5,1072.75,1052.25,178679
2025-10-24,1041.75,1044.25,1045.5,1040.75,154262
2025-10-23,1044.75,1034.75,1045.0,1033.5,145526
2025-10-22,1034.75,1030.0,1038.0,1027.5,206187
2025-10-21,1030.75,1031.75,1038.0,1027.75,173746
2025-10-20,1031.75,1020.0,1033.75,1019.75,183111
2025-10-17,1019.5,1010.75,1021.5,1010.5,163412
2025-10-16,1010.75,1006.25,1019.75,1006.0,145818
2025-10-15,1006.5,1006.5,1011.75,1002.0,147308
2025-10-14,1006.5,1007.0,1009.75,1001.0,143602
2025-10-13,1007.75,1006.0,1013.0,1003.0,239699
2025-10-10,1006.75,1021.5,1024.75,1002.5,239699
2025-10-09,1022.25,1029.0,1030.0,1020.75,212396
2025-10-08,1029.5,1021.25,1030.0,1020.0,199782
2025-10-07,1022.0,1017.0,1025.5,1016.0,153295
2025-10-06,1017.75,1015.25,1023.25,1014.0,117346
2025-10-03,1018.0,1021.0,1028.75,1016.5,137811
2025-10-02,1023.75,1013.0,1025.5,1008.25,169691
2025-10-01,1013.0,1000.25,1020.0,993.75,207983
2025-09-30,1001.75,1009.25,1009.25,1000.5,160384
2025-09-29,1010.5,1011.75,1013.75,1006.0,103672
2025-09-26,1013.75,1012.0,1015.75,1008.75,103466
2025-09-25,1012.25,1008.5,1017.0,1006.5,132635
2025-09-24,1009.0,1011.25,1020.25,1005.75,155373
2025-09-23,1012.0,1010.75,1015.5,1005.0,147291
2025-09-22,1011.0,1024.25,1025.0,1006.25,188011
2025-09-19,1025.5,1038.5,1047.75,1024.0,184812
2025-09-18,1037.5,1043.75,1044.5,1035.25,99218
2025-09-17,1043.75,1049.25,1052.75,1042.0,106461
2025-09-16,1049.75,1043.0,1052.5,1041.75,109074
2025-09-15,1042.75,1043.0,1051.25,1039.75,119751
2025-09-12,1025.75,1025.75,1025.75,1025.75,185166
2025-09-11,1015.25,1015.25,1015.25,1015.25,17
2025-09-10,1005.5,1007.75,1009.75,1005.5,20
2025-09-09,1011.5,1011.5,1011.5,1011.5,18
2025-09-08,1013.5,1007.5,1013.5,1005.5,65
2025-09-05,1006.5,1015.0,1015.0,1006.5,127
2025-09-04,1012.0,1012.0,1012.0,1007.5,409
2025-09-03,1016.0,1019.25,1019.75,1015.5,583
2025-09-02,1025.75,1035.0,1035.0,1019.5,1134
2025-08-29,1036.75,1028.0,1037.0,1024.0,0
2025-08-28,1028.25,1027.75,1030.75,1019.5,19385
2025-08-27,1027.25,1028.25,1033.25,1024.0,18842
2025-08-26,1028.75,1025.0,1034.5,1019.5,23442
2025-08-25,1025.5,1036.0,1039.5,1023.5,30733
2025-08-22,1036.5,1032.75,1040.5,1030.5,23422
2025-08-21,1034.5,1015.0,1035.25,1011.5,35172
2025-08-20,1015.0,1013.0,1019.25,1011.0,14436
2025-08-19,1013.0,1021.5,1025.25,1009.75,18605
2025-08-18,1020.75,1021.5,1027.0,1014.25,17318
2025-08-15,1022.25,1008.5,1023.0,1005.75,19843
2025-08-14,1008.5,1008.5,1008.5,1008.5,27617
2025-08-13,1023.5,1013.5,1025.5,1013.5,59
2025-08-12,1011.75,978.5,1011.75,975.0,157
2025-08-11,989.5,988.0,991.75,988.0,26
2025-08-08,966.75,968.5,975.75,966.75,206
2025-08-07,971.75,966.0,971.75,966.0,22
2025-08-06,961.5,973.75,977.5,961.5,142
2025-08-05,969.0,969.0,970.25,968.0,306
2025-08-04,969.0,969.5,970.25,968.25,484
2025-08-01,961.75,962.0,965.25,961.75,446
2025-07-31,961.75,970.25,972.5,960.75,2159
2025-07-30,967.75,982.0,984.0,967.5,26906
2025-07-29,981.75,987.75,990.75,976.75,51072
2025-07-28,988.75,995.0,996.25,986.75,59017
2025-07-25,998.75,1004.75,1008.25,996.5,50674
2025-07-24,1004.25,1005.0,1010.75,999.0,68411
2025-07-23,1005.75,1010.5,1019.25,1004.75,56306
2025-07-22,1010.25,1016.0,1017.5,1005.0,57095
2025-07-21,1015.0,1024.0,1028.5,1011.5,36572
2025-07-18,1027.75,1021.25,1037.25,1020.25,46931
2025-07-17,1021.5,1012.5,1022.5,1009.5,36536
2025-07-16,1013.5,996.25,1014.5,996.0,33432
2025-07-15,995.0,997.25,1002.5,993.0,31994
2025-07-14,997.0,1002.0,1002.0,997.0,41417
2025-07-11,1004.0,1012.5,1015.5,1004.0,22
2025-07-10,1012.5,1005.25,1013.0,1004.5,48
2025-07-09,1012.25,1023.5,1023.5,1012.25,18
2025-07-08,1024.25,1038.75,1040.5,1024.25,239
2025-07-07,1031.75,1040.75,1051.0,1030.25,1227
2025-07-03,1056.25,1055.25,1061.5,1050.5,0
2025-07-02,1050.5,1027.25,1050.75,1027.25,863
2025-07-01,1024.75,1022.0,1026.5,1012.25,1119
2025-06-30,1024.25,1030.0,1039.25,1018.25,5015
2025-06-27,1027.75,1023.25,1034.25,1020.0,26684
2025-06-26,1022.75,1027.25,1030.5,1017.25,61878
2025-06-25,1025.25,1047.25,1054.75,1023.5,114571
2025-06-24,1046.75,1055.0,1062.25,1046.25,98635
2025-06-23,1058.75,1072.5,1073.75,1056.0,105102
2025-06-20,1068.0,1074.0,1080.5,1067.0,104762
2025-06-18,1074.75,1072.25,1079.75,1069.5,0
2025-06-17,1074.0,1069.75,1075.25,1063.75,132731
2025-06-16,1069.75,1069.5,1079.25,1064.25,159294
2025-06-13,1069.75,1042.25,1071.0,1040.75,211601
2025-06-12,1042.25,1049.0,1056.25,1038.5,228330
2025-06-11,1050.5,1057.75,1062.75,1049.25,159137
2025-06-10,1057.75,1057.25,1063.75,1055.75,139464
2025-06-09,1056.0,1057.5,1061.75,1053.5,120715
2025-06-06,1057.25,1050.75,1060.5,1047.0,130387
2025-06-05,1051.75,1044.75,1056.75,1040.0,0
2025-06-04,1045.0,1040.5,1053.0,1037.75,136377
2025-06-03,1040.75,1034.5,1044.0,1032.75,103958
2025-06-02,1033.5,1042.25,1042.75,1032.5,110582
2025-05-30,1041.75,1049.0,1050.5,1040.25,103024
2025-05-29,1051.75,1055.5,1055.75,1040.0,121364
2025-05-28,1048.5,1061.75,1064.25,1047.5,94732
2025-05-27,1062.5,1061.25,1067.75,1059.0,85012
2025-05-23,1060.25,1071.0,1073.25,1055.5,105119
2025-05-22,1067.5,1057.0,1070.75,1051.0,114369
2025-05-21,1062.75,1052.75,1067.5,1052.75,129770
2025-05-20,1053.0,1050.75,1056.75,1046.25,92812
2025-05-19,1050.75,1050.25,1056.0,1045.75,78345
2025-05-16,1050.0,1052.5,1059.75,1047.25,114733
2025-05-15,1051.25,1073.0,1073.25,1046.0,172955
2025-05-14,1067.0,1075.0,1075.0,1048.25,124910
2025-05-13,1067.25,1069.0,1071.0,1067.25,31
2025-05-12,1066.0,1046.0,1066.0,1046.0,75
2025-05-09,1044.0,1036.5,1048.0,1036.5,53
2025-05-08,1036.75,1030.0,1039.0,1029.0,61
2025-05-07,1030.5,1038.0,1045.0,1030.0,204
2025-05-06,1034.75,1038.0,1038.0,1030.0,282
2025-05-05,1038.0,1044.5,1046.5,1037.0,682
2025-05-02,1048.75,1039.5,1051.5,1039.5,1388
2025-05-01,1040.25,1034.5,1043.0,1027.0,2080
2025-04-30,1034.75,1040.5,1042.5,1028.25,3242
2025-04-29,1041.0,1051.5,1052.75,1034.75,38351
2025-04-28,1052.0,1049.5,1054.0,1041.5,69123
2025-04-25,1049.75,1053.0,1058.0,1046.75,80595
2025-04-24,1053.0,1042.0,1055.0,1039.0,95258
2025-04-23,1040.25,1037.5,1046.0,1034.25,105262
2025-04-22,1035.0,1030.75,1039.5,1030.0,78848
2025-04-21,1029.5,1039.75,1043.75,1029.0,56324
2025-04-17,1036.5,1038.0,1045.25,1032.0,88269
2025-04-16,1038.75,1035.25,1045.75,1028.0,113594
2025-04-15,1036.0,1040.5,1041.25,1030.75,126985
2025-04-14,1041.75,1040.75,1049.5,1036.75,117322
2025-04-11,1042.75,1026.5,1044.5,1021.75,191945
2025-04-10,1029.0,1015.25,1029.5,1010.75,192962
2025-04-09,1012.75,989.0,1015.5,987.5,205523
2025-04-08,992.75,983.25,1002.25,982.5,216115
2025-04-07,983.0,971.75,993.5,969.5,272593
2025-04-04,977.0,1011.0,1012.75,970.25,269757
2025-04-03,1011.5,1011.0,1020.25,1005.25,169499
2025-04-02,1029.5,1032.0,1033.0,1024.5,129992
2025-04-01,1034.25,1014.75,1034.75,1010.5,167012
2025-03-31,1014.75,1023.0,1031.5,1013.25,160036
2025-03-28,1023.0,1015.0,1023.5,1009.0,120885
2025-03-27,1016.75,1001.0,1017.75,999.75,111192
2025-03-26,1001.0,1002.75,1008.75,997.5,103851
2025-03-25,1001.75,1007.0,1007.75,998.25,99523
2025-03-24,1007.25,1010.0,1011.5,1003.25,88648
2025-03-21,1009.75,1013.5,1016.75,1004.25,101376
2025-03-20,1013.0,1009.0,1014.5,1004.0,117385
2025-03-19,1008.25,1012.0,1016.0,1006.5,124450
2025-03-18,1012.75,1015.0,1021.75,1011.25,100675
2025-03-17,1015.5,1016.25,1021.75,1010.25,80925
2025-03-14,999.25,999.25,999.25,999.25,101125
2025-03-13,996.75,999.25,999.25,996.75,33
2025-03-12,987.5,997.5,997.5,982.75,39
2025-03-11,997.75,998.0,1006.25,997.0,66
2025-03-10,999.75,1013.0,1013.0,999.75,89
2025-03-07,1010.25,1011.0,1015.0,1010.0,112
2025-03-06,1014.0,999.0,1019.25,999.0,416
2025-03-05,997.75,991.0,998.75,983.25,276
2025-03-04,984.0,995.25,1000.25,978.0,928
2025-03-03,998.25,1012.0,1014.5,995.25,2052
2025-02-28,1011.5,1023.25,1031.5,1011.0,1982
2025-02-27,1022.75,1024.0,1034.0,1021.0,37040
2025-02-26,1024.5,1030.0,1032.75,1021.25,74754
2025-02-25,1031.25,1029.0,1035.0,1019.5,117588
2025-02-24,1029.0,1038.25,1043.0,1027.0,101531
2025-02-21,1039.5,1043.75,1049.25,1036.5,115932
2025-02-20,1045.5,1032.25,1046.0,1031.75,112590
2025-02-19,1031.75,1037.0,1047.75,1029.25,133961
2025-02-18,1038.5,1033.0,1041.75,1026.0,123334
2025-02-14,1036.0,1030.0,1046.75,1029.5,120772
2025-02-13,1030.0,1028.5,1032.5,1024.0,147392
2025-02-12,1027.75,1043.5,1047.0,1024.5,171577
2025-02-11,1043.5,1049.0,1057.0,1041.5,149758
2025-02-10,1049.5,1046.5,1052.25,1043.0,128319
2025-02-07,1049.5,1060.5,1063.75,1047.5,154226
2025-02-06,1060.5,1057.25,1066.5,1049.75,129164
2025-02-05,1057.0,1073.5,1079.75,1053.0,166300
2025-02-04,1075.0,1057.5,1077.25,1048.25,182908
2025-02-03,1058.25,1032.0,1060.25,1031.75,164396
2025-01-31,1042.0,1042.75,1052.0,1034.0,154522
2025-01-30,1044.0,1060.0,1060.5,1042.0,135406
2025-01-29,1060.5,1045.0,1061.75,1044.5,128051
2025-01-28,1045.0,1042.75,1050.75,1041.0,129003
2025-01-27,1045.0,1050.0,1051.0,1040.0,127356
2025-01-24,1055.75,1051.0,1063.0,1046.75,177241
2025-01-23,1065.5,1055.0,1076.25,1047.75,148819
2025-01-22,1056.0,1066.0,1073.5,1051.75,214743
2025-01-21,1067.25,1045.0,1068.0,1039.0,215089
2025-01-17,1034.0,1019.0,1039.0,1019.0,189419
2025-01-16,1019.0,1042.0,1042.75,1018.5,162099
2025-01-15,1042.75,1046.0,1054.0,1039.75,139448
2025-01-14,1043.0,1043.0,1049.0,1035.0,220603
2025-01-13,1041.5,1022.0,1044.0,1021.5,202
2025-01-10,1013.5,992.0,1018.5,992.0,435
2025-01-09,992.25,982.75,992.25,980.5,168
2025-01-08,987.5,994.0,994.0,985.75,308
2025-01-07,992.25,991.0,993.25,982.5,265
2025-01-06,992.5,982.75,997.5,982.75,598
2025-01-03,981.0,1002.25,1002.25,978.75,912
2025-01-02,999.5,996.5,1004.0,990.75,1299
2024-12-31,998.25,980.5,999.5,980.0,5238
2024-12-30,982.0,983.5,994.75,974.75,39468
2024-12-27,980.0,986.5,989.25,979.25,56059
2024-12-26,988.0,979.0,989.75,975.0,70637
2024-12-24,975.25,968.25,975.75,966.0,28802
2024-12-23,969.5,974.5,979.25,968.0,73622
2024-12-20,974.5,962.5,977.5,960.0,110119
2024-12-19,963.0,950.25,964.75,945.25,170407
2024-12-18,951.75,976.75,977.5,950.25,171410
2024-12-17,976.75,982.5,986.25,970.5,170736
2024-12-16,982.0,987.5,993.5,981.0,126195
2024-12-13,988.25,994.25,995.0,986.0,97052
2024-12-12,995.75,995.0,998.25,988.5,178084
2024-12-11,995.5,994.0,1001.0,988.0,177510
2024-12-10,994.75,990.0,1000.0,988.5,162231
2024-12-09,990.0,992.25,1003.5,985.75,155123
2024-12-06,993.75,993.0,997.5,987.75,150604
2024-12-05,993.75,983.5,994.75,982.25,109222
2024-12-04,983.75,991.5,992.0,980.5,113543
2024-12-03,991.75,985.0,999.0,983.5,135065
2024-12-02,985.25,989.5,990.5,977.5,124010
2024-11-29,989.5,993.25,998.0,982.75,77392
2024-11-27,988.75,984.0,994.25,983.25,134095
2024-11-26,983.5,980.0,991.25,976.75,131739
2024-11-25,985.75,987.5,993.25,983.0,100522
2024-11-22,983.5,980.75,985.25,975.25,113875
2024-11-21,977.75,991.0,998.75,976.25,145233
2024-11-20,990.5,998.5,1001.5,985.25,110520
2024-11-19,998.5,1009.75,1012.75,995.25,114559
2024-11-18,1009.75,1002.5,1011.5,989.5,107221
2024-11-15,998.5,988.0,1005.25,987.25,140153
2024-11-14,985.75,990.25,990.25,985.75,152378
2024-11-13,1004.25,1001.25,1004.25,999.0,86
2024-11-12,1003.5,1011.75,1011.75,998.75,209
2024-11-11,1011.75,1020.75,1025.75,1011.0,212
2024-11-08,1016.75,1015.0,1030.0,1006.0,427
2024-11-07,1015.5,997.0,1015.5,989.75,545
2024-11-06,994.5,991.75,997.5,973.0,391
2024-11-05,993.75,992.25,996.75,991.0,629
2024-11-04,987.25,990.0,995.0,982.5,1524
2024-11-01,982.5,984.25,997.25,978.25,3051
2024-10-31,982.5,977.5,985.5,975.5,7820
2024-10-30,976.5,965.0,979.0,963.75,57700
2024-10-29,965.25,974.75,980.5,965.0,82001
2024-10-28,974.0,984.0,985.5,973.5,109011
2024-10-25,987.75,996.25,996.25,984.0,143812
2024-10-24,996.25,997.5,1012.25,994.25,190684
2024-10-23,997.5,992.0,999.75,985.0,157963
2024-10-22,991.75,980.5,997.0,976.75,185249
2024-10-21,981.0,970.0,983.75,969.0,184725
2024-10-18,970.0,989.5,995.5,969.25,229536
2024-10-17,988.75,978.75,991.25,968.25,236377
2024-10-16,980.0,991.0,1001.5,978.25,247535
2024-10-15,991.0,995.0,996.0,981.0,239187
2024-10-14,996.0,1002.0,1008.5,995.5,165943
2024-10-11,1005.5,1014.5,1023.75,1004.0,213825
2024-10-10,1014.75,1019.75,1025.5,1011.75,158953
2024-10-09,1020.25,1015.0,1027.25,1011.5,185293
2024-10-08,1016.25,1032.5,1039.5,1011.5,215735
2024-10-07,1034.0,1033.5,1039.0,1026.5,170260
2024-10-04,1037.75,1045.0,1055.25,1036.25,136658
2024-10-03,1046.0,1053.75,1056.25,1041.75,126126
2024-10-02,1056.0,1055.0,1063.75,1042.5,158797
2024-10-01,1057.25,1055.75,1065.5,1045.0,165015
2024-09-30,1057.0,1060.25,1069.75,1052.0,167653
2024-09-27,1065.75,1039.75,1069.5,1034.25,237043
2024-09-26,1041.0,1051.75,1064.75,1039.75,191090
2024-09-25,1053.25,1042.0,1054.5,1031.25,175631
2024-09-24,1042.25,1037.0,1058.25,1032.75,206134
2024-09-23,1039.25,1012.0,1041.75,1012.0,220319
2024-09-20,1012.0,1012.5,1019.0,1001.25,128091
2024-09-19,1013.25,1015.0,1018.25,1006.75,116585
2024-09-18,1014.0,1007.0,1022.0,1006.25,147447
2024-09-17,1006.0,1003.75,1011.0,1002.0,80303
2024-09-16,1004.5,1005.0,1012.0,999.0,79098
2024-09-13,986.75,986.75,986.75,986.75,120065
2024-09-12,991.5,987.5,991.5,987.5,4
2024-09-11,979.75,978.25,979.75,978.25,25
2024-09-10,977.5,980.25,981.75,977.5,59
2024-09-09,1000.0,1000.25,1000.25,1000.0,122
2024-09-06,989.25,1008.0,1008.0,989.25,122
2024-09-05,1008.25,999.5,1008.25,999.5,309
2024-09-04,1006.0,987.5,1006.0,987.5,382
2024-09-03,997.0,978.75,1007.5,978.75,518
2024-08-30,982.0,974.5,987.5,971.5,2055
2024-08-29,973.75,957.25,975.0,957.0,10556
2024-08-28,958.5,968.25,969.5,953.5,10273
2024-08-27,967.5,959.0,971.75,957.0,13636
2024-08-26,959.75,943.5,961.25,939.25,18427
2024-08-23,952.0,941.75,954.0,941.25,16814
2024-08-22,941.25,962.0,963.0,940.0,17660
2024-08-21,963.0,957.0,966.0,955.5,12788
2024-08-20,957.25,955.25,966.25,950.75,13630
2024-08-19,956.25,938.0,957.5,938.0,15833
2024-08-16,938.75,950.5,952.5,936.25,17420
2024-08-15,951.5,951.75,961.0,950.5,15039
2024-08-14,979.75,989.5,989.75,979.75,15972
2024-08-13,989.0,1003.0,1003.0,989.0,19
2024-08-12,1012.0,1020.5,1038.25,1012.0,12
2024-08-09,1028.0,1018.0,1028.0,1014.5,24
2024-08-08,1009.75,1023.25,1023.25,1009.75,172
2024-08-07,1020.25,1020.75,1023.25,1017.25,195
2024-08-06,1028.5,1033.0,1038.25,1028.5,694
2024-08-05,1044.25,1040.0,1045.0,1021.5,64
2024-08-02,1029.25,1022.0,1031.5,1019.0,633
2024-08-01,1022.0,1030.0,1034.0,1019.5,1384
2024-07-31,1028.5,1027.25,1048.5,1020.5,2651
2024-07-30,1027.25,1054.75,1059.0,1023.75,16709
2024-07-29,1054.75,1073.75,1073.75,1030.75,37618
2024-07-26,1077.5,1113.25,1117.25,1071.5,61437
2024-07-25,1116.0,1111.0,1120.5,1103.5,38157
2024-07-24,1111.0,1115.25,1123.25,1104.5,34547
2024-07-23,1117.5,1116.5,1129.0,1111.0,51623
2024-07-22,1117.75,1100.5,1119.75,1100.5,40798
2024-07-19,1097.25,1098.0,1107.75,1095.0,25658
2024-07-18,1098.5,1097.5,1101.0,1089.0,35569
2024-07-17,1097.25,1090.0,1102.5,1090.0,41677
2024-07-16,1090.5,1076.75,1096.5,1076.75,37408
2024-07-15,1078.0,1100.0,1101.0,1075.75,35655
2024-07-12,1134.5,1134.5,1134.5,1134.5,41399
2024-07-11,1142.75,1145.0,1145.0,1137.0,108
2024-07-10,1141.25,1165.25,1165.25,1135.75,698
2024-07-09,1161.5,1177.0,1185.0,1160.0,839
2024-07-08,1174.25,1181.75,1181.75,1167.25,985
2024-07-05,1188.5,1172.25,1191.5,1172.25,812
2024-07-03,1176.5,1162.25,1180.25,1162.0,924
2024-07-02,1165.0,1159.25,1175.0,1159.25,1375
2024-07-01,1159.5,1148.25,1161.75,1148.25,1313
2024-06-28,1150.5,1152.0,1167.0,1146.25,4183
2024-06-27,1152.25,1161.5,1169.5,1150.75,32512
2024-06-26,1162.75,1163.0,1177.5,1160.0,67870
2024-06-25,1163.25,1175.0,1180.0,1157.75,83116
2024-06-24,1175.25,1160.5,1179.5,1156.25,88889
2024-06-21,1160.5,1156.0,1168.75,1156.0,111374
2024-06-20,1155.25,1173.0,1175.75,1155.0,146080
2024-06-18,1174.0,1158.25,1175.75,1156.5,148950
2024-06-17,1157.75,1179.0,1179.0,1157.5,138815
2024-06-14,1179.75,1188.75,1189.0,1178.0,132144
2024-06-13,1189.5,1177.0,1191.25,1171.0,149824
2024-06-12,1177.25,1177.25,1186.5,1171.0,161099
2024-06-11,1178.0,1188.25,1193.0,1177.0,160774
2024-06-10,1188.25,1179.25,1190.75,1175.5,139377
2024-06-07,1179.25,1200.5,1202.5,1174.25,175688
2024-06-06,1200.0,1176.5,1204.5,1176.0,162161
2024-06-05,1177.25,1180.25,1191.75,1175.25,154196
2024-06-04,1179.0,1184.0,1189.5,1176.0,145530
2024-06-03,1184.5,1204.25,1205.5,1182.5,119994
2024-05-31,1205.0,1209.75,1223.75,1202.75,106393
2024-05-30,1209.75,1213.0,1220.0,1207.25,107751
2024-05-29,1214.0,1229.0,1231.25,1212.5,123723
2024-05-28,1229.5,1250.25,1254.75,1226.25,140138
2024-05-24,1248.0,1239.0,1251.0,1236.0,107257
2024-05-23,1239.25,1245.75,1258.25,1236.0,136099
2024-05-22,1246.25,1235.0,1249.75,1233.25,125072
2024-05-21,1236.25,1246.5,1249.25,1230.0,126275
2024-05-20,1248.0,1227.25,1250.75,1224.0,171388
2024-05-17,1228.0,1216.5,1231.25,1215.25,133101
2024-05-16,1216.25,1214.0,1219.75,1210.0,99241
2024-05-15,1213.5,1215.0,1232.25,1209.5,124938
2024-05-14,1199.0,1199.0,1199.0,1199.0,115517
2024-05-13,1205.5,1205.5,1205.5,1205.5,6
2024-05-10,1205.0,1196.75,1205.0,1195.0,82
2024-05-09,1192.75,1216.5,1218.0,1192.5,66
2024-05-08,1212.75,1233.5,1233.5,1211.25,87
2024-05-07,1232.25,1234.5,1240.5,1230.0,51
2024-05-06,1234.75,1197.0,1236.5,1197.0,486
2024-05-03,1201.75,1193.0,1202.0,1193.0,711
2024-05-02,1190.0,1155.75,1200.0,1155.75,2408
2024-05-01,1155.75,1145.0,1156.25,1141.0,3404
2024-04-30,1145.5,1158.75,1163.0,1141.0,5743
2024-04-29,1160.75,1158.5,1171.75,1157.0,58269
2024-04-26,1159.5,1162.25,1164.0,1155.0,78879
2024-04-25,1162.75,1164.75,1166.5,1150.5,106684
2024-04-24,1166.0,1166.5,1177.5,1164.0,92302
2024-04-23,1167.5,1161.0,1169.0,1158.0,112266
2024-04-22,1161.0,1147.75,1167.0,1144.5,107395
2024-04-19,1150.5,1134.0,1153.0,1131.75,124590
2024-04-18,1134.25,1149.0,1149.75,1133.0,109349
2024-04-17,1149.5,1145.0,1155.25,1141.75,104230
2024-04-16,1145.0,1157.25,1163.0,1143.25,148376
2024-04-15,1158.25,1173.25,1176.0,1155.5,134465
2024-04-12,1174.0,1158.5,1179.75,1154.0,160130
2024-04-11,1159.25,1163.75,1166.25,1151.0,163734
2024-04-10,1164.75,1174.75,1180.75,1163.0,156535
2024-04-09,1174.5,1181.5,1184.25,1172.0,167029
2024-04-08,1181.5,1187.75,1193.25,1180.5,159389
2024-04-05,1185.0,1178.0,1190.75,1173.0,162613
2024-04-04,1180.0,1182.25,1186.75,1170.25,119935
2024-04-03,1182.25,1175.5,1186.75,1168.5,160346
2024-04-02,1174.0,1185.5,1199.75,1171.0,173481
2024-04-01,1185.75,1196.25,1201.75,1181.5,104397
2024-03-28,1191.5,1191.75,1199.5,1177.0,160360
2024-03-27,1192.5,1196.75,1198.0,1189.5,104399
2024-03-26,1199.0,1207.5,1208.0,1197.75,119009
2024-03-25,1209.25,1194.0,1210.0,1188.5,106767
2024-03-22,1192.5,1211.0,1211.25,1189.25,121895
2024-03-21,1212.0,1209.0,1226.75,1204.0,150049
2024-03-20,1209.5,1185.5,1211.75,1183.5,161255
2024-03-19,1185.5,1188.0,1192.25,1181.0,103620
2024-03-18,1187.75,1198.5,1206.0,1186.75,97550
2024-03-15,1198.25,1194.5,1200.0,1183.5,117888
2024-03-14,1180.75,1182.0,1198.5,1180.75,164064
2024-03-13,1181.75,1178.25,1182.75,1173.75,24
2024-03-12,1182.0,1167.0,1182.0,1167.0,73
2024-03-11,1165.0,1170.0,1170.75,1165.0,42
2024-03-08,1170.5,1157.0,1170.5,1145.5,199
2024-03-07,1157.0,1155.0,1157.0,1151.0,443
2024-03-06,1140.25,1138.5,1140.25,1132.25,287
2024-03-05,1140.75,1147.0,1147.0,1138.75,1080
2024-03-04,1147.0,1152.0,1158.0,1145.0,404
2024-03-01,1143.0,1128.25,1143.5,1126.75,763
2024-02-29,1128.25,1132.0,1136.0,1115.0,4459
2024-02-28,1134.0,1132.25,1144.5,1124.75,37481
2024-02-27,1131.25,1136.0,1152.25,1128.75,79533
2024-02-26,1136.0,1137.0,1142.25,1124.75,98731
2024-02-23,1133.0,1148.0,1154.0,1130.25,125088
2024-02-22,1147.75,1161.0,1167.25,1146.75,136672
2024-02-21,1160.75,1179.0,1179.25,1157.5,113652
2024-02-20,1179.0,1177.75,1188.5,1174.0,145020
2024-02-16,1172.25,1163.75,1173.75,1162.25,99941
2024-02-15,1162.25,1168.0,1174.75,1160.25,135571
2024-02-14,1170.5,1186.25,1190.0,1168.25,128628
2024-02-13,1186.25,1191.75,1197.5,1183.0,132884
2024-02-12,1193.0,1183.75,1196.75,1182.5,114463
2024-02-09,1183.5,1195.0,1198.0,1181.5,120117
2024-02-08,1193.5,1187.0,1204.75,1180.5,165204
2024-02-07,1189.0,1199.0,1202.0,1179.25,137235
2024-02-06,1199.5,1196.0,1205.5,1193.75,104104
2024-02-05,1196.25,1190.0,1198.5,1179.5,133159
2024-02-02,1188.5,1203.25,1208.25,1186.75,101687
2024-02-01,1203.25,1221.25,1221.75,1199.5,117651
2024-01-31,1222.25,1218.75,1223.0,1206.75,131031
2024-01-30,1218.75,1193.75,1221.25,1187.75,133600
2024-01-29,1194.25,1210.75,1212.5,1191.5,160776
2024-01-26,1209.25,1223.5,1230.75,1208.5,112232
2024-01-25,1223.0,1240.0,1247.5,1215.5,138526
2024-01-24,1240.25,1239.0,1246.0,1235.25,130579
2024-01-23,1239.5,1224.25,1240.5,1221.5,107718
2024-01-22,1224.25,1216.75,1225.75,1209.5,94437
2024-01-19,1213.25,1213.0,1227.0,1210.75,96455
2024-01-18,1213.5,1206.0,1216.0,1201.0,112771
2024-01-17,1205.75,1227.25,1231.0,1205.0,138322
2024-01-16,1227.25,1227.0,1237.75,1220.75,140122
2024-01-12,1205.75,1239.75,1240.25,1205.75,237245
2024-01-11,1231.25,1234.0,1235.5,1231.25,220
2024-01-10,1228.75,1241.5,1241.5,1228.75,307
2024-01-09,1241.5,1238.5,1243.0,1228.75,158
2024-01-08,1239.5,1252.75,1252.75,1233.25,255
2024-01-05,1249.75,1261.25,1261.25,1249.75,1000
2024-01-04,1262.0,1274.25,1274.25,1260.25,353
2024-01-03,1269.5,1271.5,1275.25,1268.0,2363
2024-01-02,1274.0,1289.5,1289.5,1266.0,2675
2023-12-29,1293.5,1304.75,1311.75,1292.25,6682
2023-12-28,1305.25,1315.75,1324.25,1303.0,23869
2023-12-27,1316.75,1310.5,1318.75,1303.0,37407
2023-12-26,1313.25,1299.75,1314.5,1296.0,34317
2023-12-22,1299.75,1296.75,1308.0,1294.0,52365
2023-12-21,1297.25,1309.5,1310.0,1295.0,71637
2023-12-20,1308.25,1312.5,1321.75,1305.5,101196
2023-12-19,1312.5,1326.5,1328.75,1309.5,136922
2023-12-18,1327.0,1318.0,1328.0,1307.0,105952
2023-12-15,1315.75,1317.0,1320.5,1304.0,104871
2023-12-14,1314.0,1311.0,1319.25,1304.0,92835
2023-12-13,1307.5,1323.0,1323.5,1302.5,134421
2023-12-12,1323.75,1337.25,1344.0,1320.5,151132
2023-12-11,1336.0,1309.5,1338.5,1307.0,156810
2023-12-08,1304.0,1312.5,1330.75,1299.0,143886
2023-12-07,1311.75,1296.0,1318.25,1292.0,142340
2023-12-06,1295.5,1309.25,1313.5,1293.75,114902
2023-12-05,1305.5,1307.25,1315.25,1294.0,127531
2023-12-04,1306.25,1322.5,1329.25,1303.5,145541
2023-12-01,1325.0,1342.0,1343.5,1323.5,133231
2023-11-30,1342.75,1347.0,1351.5,1339.25,106352
2023-11-29,1347.0,1346.5,1352.0,1337.0,110829
2023-11-28,1346.5,1330.25,1350.0,1329.5,122211
2023-11-27,1329.75,1329.5,1339.0,1323.5,108127
2023-11-24,1330.75,1354.5,1355.0,1329.5,79518
2023-11-22,1356.5,1377.0,1378.5,1354.25,123978
2023-11-21,1377.25,1365.5,1389.25,1364.0,131504
2023-11-20,1367.25,1339.25,1368.0,1327.0,126688
2023-11-17,1340.25,1360.0,1361.5,1336.75,125658
2023-11-16,1360.25,1385.0,1387.75,1353.75,139084
2023-11-15,1385.0,1389.0,1398.5,1379.5,112125
2023-11-14,1368.75,1372.0,1372.0,1358.5,121756
2023-11-13,1368.0,1335.0,1369.0,1333.75,284
2023-11-10,1333.5,1328.0,1335.0,1325.25,163
2023-11-09,1327.75,1351.0,1353.5,1326.5,92
2023-11-08,1349.0,1352.0,1368.75,1348.0,217
2023-11-07,1348.75,1339.5,1366.0,1336.5,2165
2023-11-06,1340.5,1327.5,1345.25,1327.5,1020
2023-11-03,1327.5,1303.5,1330.0,1302.25,2203
2023-11-02,1304.0,1290.25,1306.25,1290.25,1729
2023-11-01,1291.25,1290.0,1296.75,1283.25,2816
2023-10-31,1287.0,1283.0,1300.0,1276.0,7814
2023-10-30,1282.75,1297.0,1308.75,1281.0,77497
2023-10-27,1297.25,1279.25,1303.5,1277.75,108290
2023-10-26,1279.5,1287.5,1297.75,1277.5,105810
2023-10-25,1288.25,1293.0,1301.25,1278.0,111043
2023-10-24,1295.25,1287.0,1297.75,1280.5,125254
2023-10-23,1286.75,1302.0,1304.0,1286.0,119491
2023-10-20,1302.25,1315.0,1318.5,1301.0,143729
2023-10-19,1315.5,1311.0,1317.75,1300.25,182300
2023-10-18,1311.0,1297.0,1313.0,1293.25,163209
2023-10-17,1296.75,1286.0,1303.5,1285.5,135410
2023-10-16,1286.25,1280.0,1289.0,1279.5,111494
2023-10-13,1280.25,1286.75,1298.5,1273.5,139748
2023-10-12,1290.0,1252.5,1299.75,1250.5,235474
2023-10-11,1252.5,1271.5,1274.25,1251.0,185252
2023-10-10,1271.5,1263.0,1273.25,1254.25,161646
2023-10-09,1264.25,1267.0,1277.5,1258.25,162794
2023-10-06,1266.0,1279.5,1287.25,1263.5,156382
2023-10-05,1280.75,1271.75,1283.75,1262.0,143482
2023-10-04,1273.0,1272.0,1285.0,1268.75,126709
2023-10-03,1272.75,1276.5,1278.75,1256.75,191994
2023-10-02,1277.0,1272.5,1279.5,1265.75,156106
2023-09-29,1275.0,1300.5,1305.5,1272.5,169945
2023-09-28,1300.5,1303.0,1307.0,1287.0,151183
2023-09-27,1303.25,1302.75,1317.0,1297.5,146484
2023-09-26,1302.75,1299.25,1307.75,1289.0,135125
2023-09-25,1297.75,1295.25,1300.0,1284.5,101011
2023-09-22,1296.25,1294.0,1303.0,1292.5,121669
2023-09-21,1293.75,1319.75,1322.0,1293.0,140563
2023-09-20,1320.0,1315.25,1322.75,1310.25,112121
2023-09-19,1315.5,1315.0,1319.75,1308.0,138842
2023-09-18,1316.75,1340.0,1344.5,1315.5,137195
2023-09-15,1340.25,1360.5,1367.75,1338.25,114647
2023-09-14,1343.75,1343.75,1343.75,1343.75,138778
2023-09-13,1336.0,1325.5,1336.0,1325.5,201
2023-09-12,1331.75,1348.75,1348.75,1331.75,274
2023-09-11,1352.5,1352.5,1352.5,1352.0,36
2023-09-08,1349.5,1339.0,1349.5,1339.0,198
2023-09-07,1345.0,1349.5,1350.0,1345.0,310
2023-09-06,1360.25,1365.5,1365.5,1359.5,102
2023-09-05,1349.0,1359.5,1359.5,1348.0,85
2023-09-01,1356.25,1362.0,1374.0,1355.0,422
2023-08-31,1360.0,1381.0,1381.0,1360.0,853
2023-08-30,1381.25,1378.5,1391.75,1366.75,9727
2023-08-29,1382.0,1382.75,1394.0,1380.5,9140
2023-08-28,1395.25,1388.25,1400.75,1383.75,10112
2023-08-25,1381.0,1364.0,1382.0,1361.25,14320
2023-08-24,1365.75,1359.5,1370.75,1352.0,8107
2023-08-23,1359.5,1350.25,1362.25,1333.75,16285
2023-08-22,1351.5,1369.5,1381.0,1341.75,8855
2023-08-21,1370.0,1369.0,1386.75,1364.5,13759
2023-08-18,1362.75,1338.0,1365.5,1337.75,11335
2023-08-17,1336.75,1337.0,1347.75,1332.5,12549
2023-08-16,1334.75,1323.75,1344.25,1321.25,9256
2023-08-15,1323.25,1344.25,1348.75,1319.5,15884
2023-08-14,1391.0,1422.0,1422.0,1391.0,7906
2023-08-11,1401.25,1353.25,1409.0,1353.25,25
2023-08-10,1412.0,1431.75,1438.5,1410.0,82
2023-08-09,1431.5,1436.0,1438.0,1430.75,104
2023-08-08,1430.0,1400.25,1431.25,1395.0,382
2023-08-07,1414.5,1430.0,1430.0,1405.0,212
2023-08-04,1444.0,1446.0,1446.0,1434.0,323
2023-08-03,1428.75,1431.0,1445.0,1424.75,1505
2023-08-02,1429.75,1447.25,1447.25,1420.25,744
2023-08-01,1446.75,1446.5,1465.0,1433.75,2092
2023-07-31,1445.75,1486.5,1486.5,1430.25,2352
2023-07-28,1486.75,1530.5,1531.5,1483.5,13888
2023-07-27,1532.0,1549.0,1580.75,1529.25,25445
2023-07-26,1546.25,1513.75,1558.0,1506.0,30605
2023-07-25,1515.5,1521.75,1527.25,1502.75,25259
2023-07-24,1523.25,1507.5,1537.0,1500.0,29203
2023-07-21,1501.0,1491.75,1504.0,1485.0,28372
2023-07-20,1495.0,1489.0,1501.5,1480.75,28198
2023-07-19,1491.5,1492.0,1518.25,1485.0,33338
2023-07-18,1492.0,1476.5,1501.0,1474.25,26908
2023-07-17,1484.0,1490.75,1497.0,1477.75,25571
2023-07-14,1495.75,1507.0,1511.5,1495.75,27708
2023-07-13,1518.0,1489.0,1518.0,1489.0,72
2023-07-12,1488.5,1545.5,1545.5,1477.0,132
2023-07-11,1520.5,1515.75,1533.5,1515.75,209
2023-07-10,1508.0,1484.0,1524.75,1484.0,94
2023-07-07,1485.5,1523.5,1523.5,1480.0,417
2023-07-06,1525.75,1538.25,1544.0,1519.25,507
2023-07-05,1547.25,1562.25,1589.0,1544.0,1034
2023-07-03,1562.0,1557.25,1616.5,1556.0,1870
2023-06-30,1557.25,1482.0,1568.0,1480.25,5228
2023-06-29,1483.0,1447.75,1485.5,1445.25,23201
2023-06-28,1451.0,1486.75,1499.75,1435.75,34817
2023-06-27,1495.0,1523.0,1524.75,1490.0,50206
2023-06-26,1521.0,1486.25,1525.0,1477.75,51073
2023-06-23,1494.5,1500.0,1501.5,1470.25,83289
2023-06-22,1500.5,1513.25,1519.5,1468.5,100736
2023-06-21,1514.75,1489.0,1521.25,1479.0,105944
2023-06-20,1477.25,1472.75,1489.25,1459.75,126378
2023-06-16,1466.5,1426.0,1468.25,1426.0,158732
2023-06-15,1428.25,1389.75,1432.0,1387.5,144129
2023-06-14,1388.25,1398.75,1399.0,1380.0,124157
2023-06-13,1399.25,1373.25,1415.5,1371.75,161567
2023-06-12,1372.75,1390.0,1392.75,1368.5,122300
2023-06-09,1386.5,1360.5,1388.0,1356.25,142158
2023-06-08,1363.25,1358.0,1371.75,1352.0,152587
2023-06-07,1360.75,1353.25,1370.75,1350.0,143477
2023-06-06,1353.25,1352.0,1364.0,1340.25,129813
2023-06-05,1350.0,1353.25,1361.5,1343.5,98182
2023-06-02,1352.5,1329.0,1355.25,1322.0,120303
2023-06-01,1329.5,1299.75,1335.25,1299.25,132076
2023-05-31,1299.75,1298.0,1302.75,1270.75,137386
2023-05-30,1296.5,1337.25,1337.25,1294.25,128256
2023-05-26,1337.25,1323.75,1343.5,1322.0,104197
2023-05-25,1324.0,1324.25,1333.5,1305.0,131878
2023-05-24,1324.5,1322.5,1337.75,1316.0,95312
2023-05-23,1322.5,1341.0,1341.25,1315.5,111359
2023-05-22,1341.25,1308.25,1344.25,1304.75,143213
2023-05-19,1307.25,1333.25,1345.0,1304.75,135856
2023-05-18,1333.25,1336.5,1348.0,1323.25,124325
2023-05-17,1337.0,1365.0,1365.75,1332.75,145517
2023-05-16,1364.0,1400.0,1401.75,1358.75,149242
2023-05-15,1400.75,1388.75,1411.5,1386.25,111854
2023-05-12,1435.0,1435.0,1435.0,1435.0,124961
2023-05-11,1443.25,1437.75,1446.0,1420.0,137
2023-05-10,1436.5,1459.75,1459.75,1436.0,106
2023-05-09,1451.75,1467.75,1467.75,1448.75,327
2023-05-08,1468.75,1477.0,1477.0,1464.5,267
2023-05-05,1469.0,1452.0,1470.0,1452.0,242
2023-05-04,1448.5,1448.0,1454.0,1438.75,424
2023-05-03,1448.0,1435.0,1449.0,1422.0,733
2023-05-02,1439.5,1460.0,1467.0,1437.5,634
2023-05-01,1454.75,1444.5,1455.25,1441.0,601
2023-04-28,1444.25,1432.75,1449.0,1425.0,3373
2023-04-27,1426.75,1435.0,1443.0,1420.75,22194
2023-04-26,1436.0,1445.25,1456.5,1434.0,51187
2023-04-25,1445.25,1463.5,1471.25,1437.75,62592
2023-04-24,1465.25,1483.5,1500.0,1463.25,87803
2023-04-21,1483.5,1497.0,1500.0,1480.0,89795
2023-04-20,1497.5,1505.0,1506.0,1488.25,95685
2023-04-19,1506.5,1517.25,1521.5,1506.0,95853
2023-04-18,1519.25,1515.75,1531.5,1511.0,99155
2023-04-17,1517.0,1500.5,1519.0,1496.25,85451
2023-04-14,1500.5,1502.0,1503.75,1490.0,118382
2023-04-13,1501.0,1504.25,1522.25,1500.5,132337
2023-04-12,1504.25,1497.5,1510.5,1491.0,132897
2023-04-11,1497.25,1487.75,1507.5,1486.25,156745
2023-04-10,1487.25,1493.25,1499.75,1482.5,105039
2023-04-06,1492.5,1510.0,1510.25,1483.25,0
2023-04-05,1511.0,1517.5,1527.0,1506.5,124119
2023-04-04,1517.5,1520.0,1523.75,1505.5,112285
2023-04-03,1522.0,1510.0,1527.75,1509.75,121608
2023-03-31,1505.5,1473.25,1513.75,1468.0,167862
2023-03-30,1474.5,1476.5,1483.5,1471.0,110079
2023-03-29,1477.25,1466.0,1479.75,1462.5,105996
2023-03-28,1467.75,1441.5,1469.75,1439.75,122627
2023-03-27,1442.25,1428.75,1445.5,1423.25,98099
2023-03-24,1428.25,1419.5,1432.0,1405.0,143036
2023-03-23,1419.5,1450.0,1454.25,1415.25,157574
2023-03-22,1448.5,1467.75,1472.0,1443.25,141743
2023-03-21,1467.0,1483.75,1497.0,1465.0,101494
2023-03-20,1486.0,1473.0,1487.75,1462.0,122780
2023-03-17,1476.5,1492.5,1498.0,1470.0,119474
2023-03-16,1491.5,1489.25,1498.0,1478.0,107038
2023-03-15,1489.25,1494.0,1500.0,1480.0,115247
2023-03-14,1499.75,1501.0,1502.5,1499.75,108201
2023-03-13,1500.0,1521.75,1524.75,1500.0,139
2023-03-10,1513.0,1515.0,1521.75,1511.0,467
2023-03-09,1520.0,1529.5,1535.5,1516.0,224
2023-03-08,1526.75,1525.25,1539.0,1524.5,272
2023-03-07,1525.25,1538.0,1538.0,1523.75,645
2023-03-06,1541.0,1528.75,1550.0,1523.75,1130
2023-03-03,1530.5,1519.5,1537.0,1519.25,1607
2023-03-02,1519.75,1504.5,1526.5,1501.5,2029
2023-03-01,1504.25,1491.5,1509.5,1491.5,2793
2023-02-28,1490.5,1518.25,1518.25,1489.5,9027
2023-02-27,1518.25,1529.5,1533.5,1515.25,43689
2023-02-24,1529.0,1536.25,1544.25,1526.0,71895
2023-02-23,1534.25,1539.75,1545.25,1532.75,85546
2023-02-22,1539.5,1546.75,1554.0,1538.0,90517
2023-02-21,1548.75,1536.5,1549.0,1535.0,115702
2023-02-17,1527.25,1526.0,1533.25,1524.25,93637
2023-02-16,1526.5,1525.25,1532.25,1520.5,115376
2023-02-15,1525.75,1536.5,1537.0,1516.5,132117
2023-02-14,1537.5,1542.0,1544.75,1532.75,115529
2023-02-13,1542.75,1542.0,1555.5,1537.0,162409
2023-02-10,1542.5,1518.0,1543.25,1515.5,173799
2023-02-09,1519.25,1518.5,1533.75,1512.0,189473
2023-02-08,1519.75,1516.0,1527.75,1505.75,177793
2023-02-07,1515.25,1521.0,1530.5,1511.0,164240
2023-02-06,1521.25,1532.0,1535.5,1516.75,131712
2023-02-03,1532.0,1533.5,1539.75,1524.75,101436
2023-02-02,1534.25,1522.75,1537.75,1522.5,99742
2023-02-01,1520.25,1537.5,1542.75,1510.75,129978
2023-01-31,1538.0,1533.5,1543.75,1524.5,126434
2023-01-30,1535.25,1516.25,1538.0,1516.25,123619
2023-01-27,1509.5,1521.75,1527.0,1506.5,101755
2023-01-26,1523.5,1506.5,1526.25,1500.0,123245
2023-01-25,1502.5,1488.25,1504.75,1478.25,119104
2023-01-24,1488.5,1491.5,1506.5,1487.0,129464
2023-01-23,1490.25,1500.0,1503.0,1479.75,134889
2023-01-20,1506.5,1514.25,1521.75,1504.0,98916
2023-01-19,1514.75,1523.5,1528.5,1509.0,124401
2023-01-18,1524.5,1537.0,1548.5,1511.25,133372
2023-01-17,1539.75,1518.75,1541.0,1512.5,118314
2023-01-13,1538.25,1525.0,1538.25,1525.0,104971
2023-01-12,1529.5,1511.5,1541.75,1511.5,491
2023-01-11,1515.0,1515.25,1520.5,1510.0,617
2023-01-10,1510.0,1501.5,1518.5,1501.5,350
2023-01-09,1503.5,1506.0,1513.0,1502.0,446
2023-01-06,1501.5,1471.75,1503.25,1471.75,2024
2023-01-05,1466.75,1481.25,1481.25,1462.0,1169
2023-01-04,1478.25,1491.75,1496.25,1477.25,2200
2023-01-03,1487.25,1519.25,1523.25,1485.0,2951
2022-12-30,1519.25,1508.0,1532.25,1507.75,7092
2022-12-29,1508.75,1504.75,1516.25,1501.25,27307
2022-12-28,1506.5,1483.5,1509.75,1482.75,42705
2022-12-27,1482.25,1490.0,1516.75,1478.25,61925
2022-12-23,1479.0,1468.75,1484.0,1466.25,52836
2022-12-22,1467.75,1480.0,1484.0,1463.5,75905
2022-12-21,1481.0,1477.0,1489.0,1475.25,84786
2022-12-20,1478.5,1461.75,1486.75,1460.25,111696
2022-12-19,1460.75,1470.0,1476.0,1460.0,101717
2022-12-16,1480.0,1473.5,1486.0,1465.5,69325
2022-12-15,1473.5,1481.0,1486.0,1468.0,97511
2022-12-14,1482.25,1479.5,1487.0,1468.0,112117
2022-12-13,1479.75,1461.25,1487.75,1460.75,145783
2022-12-12,1460.5,1483.5,1483.5,1457.75,125861
2022-12-09,1483.75,1484.25,1492.75,1477.75,96091
2022-12-08,1486.25,1471.0,1492.25,1468.0,141915
2022-12-07,1472.0,1456.0,1478.0,1455.75,145108
2022-12-06,1455.0,1437.5,1472.5,1437.0,126974
2022-12-05,1437.75,1440.5,1451.0,1435.25,82713
2022-12-02,1438.5,1432.0,1443.0,1425.5,91648
2022-12-01,1429.75,1466.0,1469.75,1425.25,134068
2022-11-30,1469.5,1457.25,1478.5,1457.25,93201
2022-11-29,1459.5,1454.75,1468.5,1449.0,91119
2022-11-28,1457.25,1428.25,1461.75,1424.0,102364
2022-11-25,1436.25,1436.75,1448.0,1431.0,41566
2022-11-23,1436.0,1431.5,1441.0,1422.25,67115
2022-11-22,1429.75,1436.0,1443.5,1428.25,69272
2022-11-21,1436.75,1427.25,1438.0,1417.25,69911
2022-11-18,1428.25,1419.0,1430.75,1412.25,63078
2022-11-17,1417.0,1430.0,1431.75,1406.75,88314
2022-11-16,1429.25,1454.75,1455.0,1423.25,96622
2022-11-15,1457.25,1440.0,1464.75,1432.5,99988
2022-11-14,1441.75,1460.0,1460.0,1435.75,78858
2022-11-11,1455.5,1439.0,1463.75,1439.0,236
2022-11-10,1430.5,1464.0,1465.0,1430.25,510
2022-11-09,1459.75,1444.5,1460.75,1435.5,820
2022-11-08,1444.0,1440.75,1446.0,1436.0,1250
2022-11-07,1440.0,1445.0,1457.5,1439.0,1472
2022-11-04,1451.5,1424.25,1453.75,1424.25,473
2022-11-03,1426.75,1435.5,1440.0,1416.5,989
2022-11-02,1440.0,1434.5,1445.0,1421.25,2357
2022-11-01,1435.75,1405.5,1436.5,1403.75,5327
2022-10-31,1407.0,1400.0,1411.25,1385.5,10073
2022-10-28,1387.75,1382.0,1390.75,1370.0,66790
2022-10-27,1382.25,1381.25,1394.75,1378.25,79221
2022-10-26,1381.75,1381.5,1397.75,1378.75,107710
2022-10-25,1382.0,1372.0,1386.5,1366.0,98749
2022-10-24,1372.0,1393.0,1393.0,1368.25,118812
2022-10-21,1395.5,1390.25,1398.5,1375.5,116214
2022-10-20,1391.5,1371.0,1396.5,1370.25,130958
2022-10-19,1372.5,1371.75,1378.5,1357.0,105181
2022-10-18,1372.0,1383.0,1390.0,1364.25,143267
2022-10-17,1385.25,1381.5,1395.0,1376.25,116449
2022-10-14,1383.75,1394.0,1410.0,1382.75,123738
2022-10-13,1395.75,1394.5,1405.0,1378.75,145762
2022-10-12,1396.0,1373.0,1414.0,1367.5,220285
2022-10-11,1376.25,1373.25,1385.25,1365.25,126082
2022-10-10,1374.0,1367.0,1398.75,1366.5,196819
2022-10-07,1367.0,1358.0,1373.5,1350.75,140543
2022-10-06,1358.0,1369.5,1376.75,1350.0,110344
2022-10-05,1369.75,1382.75,1385.25,1362.5,108763
2022-10-04,1383.5,1373.75,1395.0,1371.75,119917
2022-10-03,1374.0,1364.0,1376.5,1361.25,122444
2022-09-30,1364.75,1410.5,1425.75,1363.25,185769
2022-09-29,1410.75,1408.75,1423.75,1403.25,157471
2022-09-28,1408.75,1409.0,1412.5,1390.75,153869
2022-09-27,1408.0,1411.25,1437.25,1407.0,144461
2022-09-26,1411.25,1424.5,1433.75,1408.25,125611
2022-09-23,1425.75,1455.0,1456.0,1420.5,120138
2022-09-22,1457.0,1456.5,1476.0,1448.75,115426
2022-09-21,1461.25,1476.5,1488.75,1459.5,95500
2022-09-20,1478.75,1461.75,1485.5,1450.75,107521
2022-09-19,1461.25,1446.0,1465.75,1438.25,88514
2022-09-16,1448.5,1449.0,1455.0,1433.75,85172
2022-09-15,1451.5,1456.0,1468.5,1444.0,100629
2022-09-14,1503.75,1503.75,1506.25,1503.75,110615
2022-09-13,1534.25,1556.0,1556.0,1525.0,170
2022-09-12,1549.75,1480.5,1558.25,1472.5,25
2022-09-09,1489.25,1481.0,1489.25,1481.0,9
2022-09-08,1470.5,1484.25,1484.5,1470.5,59
2022-09-07,1466.75,1485.25,1503.75,1466.75,54
2022-09-06,1490.0,1493.0,1493.0,1487.5,82
2022-09-02,1510.5,1480.0,1518.5,1480.0,123
2022-09-01,1472.75,1511.25,1511.25,1469.0,697
2022-08-31,1507.5,1514.75,1524.5,1493.25,578
2022-08-30,1513.0,1534.5,1538.5,1480.0,4540
2022-08-29,1534.75,1606.25,1612.25,1530.5,11281
2022-08-26,1605.25,1553.25,1614.0,1552.0,14850
2022-08-25,1552.5,1560.0,1575.75,1550.25,9648
2022-08-24,1560.75,1568.75,1596.0,1553.25,12242
2022-08-23,1566.75,1530.0,1581.0,1528.25,13082
2022-08-22,1527.0,1484.25,1534.5,1478.0,10433
2022-08-19,1488.75,1496.75,1499.25,1475.75,5821
2022-08-18,1495.5,1475.0,1499.75,1467.25,8579
2022-08-17,1475.25,1454.75,1479.0,1454.0,8838
2022-08-16,1454.25,1490.25,1494.5,1443.75,12286
2022-08-15,1494.0,1521.0,1530.75,1464.25,13073
2022-08-12,1669.25,1682.5,1696.0,1669.25,17217
2022-08-11,1709.5,1690.0,1737.75,1690.0,93
2022-08-10,1688.75,1715.0,1730.75,1688.0,239
2022-08-09,1693.25,1632.0,1693.25,1632.0,427
2022-08-08,1619.5,1605.5,1629.0,1603.0,350
2022-08-05,1614.75,1624.75,1624.75,1598.25,240
2022-08-04,1615.0,1552.0,1618.0,1552.0,396
2022-08-03,1558.0,1569.75,1586.75,1545.75,872
2022-08-02,1569.25,1589.0,1607.5,1565.0,1342
2022-08-01,1594.25,1650.0,1650.0,1577.75,1378
2022-07-29,1637.0,1609.25,1671.0,1609.25,4783
2022-07-28,1609.25,1581.0,1621.0,1578.75,14499
2022-07-27,1578.75,1532.0,1582.75,1531.25,31657
2022-07-26,1532.75,1481.0,1535.5,1481.0,28936
2022-07-25,1473.0,1450.0,1474.0,1433.75,24846
2022-07-22,1434.5,1420.0,1444.75,1407.75,27240
2022-07-21,1418.5,1449.5,1457.5,1413.5,27254
2022-07-20,1449.0,1476.0,1477.0,1446.0,26111
2022-07-19,1477.25,1498.5,1499.5,1456.0,19403
2022-07-18,1497.25,1478.25,1513.5,1465.5,22423
2022-07-15,1466.0,1477.5,1490.0,1456.25,22609
2022-07-14,1610.0,1659.75,1659.75,1561.75,23094
2022-07-13,1588.25,1573.5,1634.5,1573.5,60
2022-07-12,1592.75,1650.0,1656.0,1592.5,395
2022-07-11,1641.0,1645.0,1660.0,1637.0,384
2022-07-08,1630.25,1602.25,1635.0,1596.25,399
2022-07-07,1591.25,1591.0,1620.0,1589.0,744
2022-07-06,1580.25,1583.0,1596.25,1560.0,2309
2022-07-05,1575.25,1620.0,1624.25,1572.0,2235
2022-07-01,1626.0,1675.0,1683.25,1622.0,5313
2022-06-30,1675.0,1671.0,1702.75,1653.75,6466
2022-06-29,1674.25,1663.75,1684.25,1653.0,35558
2022-06-28,1663.75,1637.0,1668.25,1633.5,59698
2022-06-27,1630.5,1599.0,1636.25,1593.0,69643
2022-06-24,1610.75,1588.25,1620.5,1583.0,92486
2022-06-23,1593.25,1654.0,1655.5,1590.0,128173
2022-06-22,1652.75,1684.25,1685.0,1647.5,102256
2022-06-21,1681.0,1695.0,1702.0,1675.75,100676
2022-06-17,1702.0,1712.5,1724.5,1700.5,84650
2022-06-16,1709.5,1696.75,1715.5,1690.5,70574
2022-06-15,1693.75,1698.0,1705.0,1682.25,101623
2022-06-14,1698.5,1707.5,1728.25,1697.0,100752
2022-06-13,1707.5,1751.5,1757.0,1702.0,125077
2022-06-10,1745.5,1770.5,1775.5,1742.75,140826
2022-06-09,1769.0,1741.0,1784.0,1728.5,172229
2022-06-08,1740.0,1729.25,1758.0,1726.5,138385
2022-06-07,1728.25,1699.25,1732.75,1692.25,147738
2022-06-06,1699.25,1709.0,1717.75,1690.0,82275
2022-06-03,1697.75,1728.75,1730.5,1694.0,86973
2022-06-02,1729.25,1690.25,1740.75,1681.25,111106
2022-06-01,1690.25,1687.25,1706.5,1675.25,104722
2022-05-31,1683.25,1737.75,1749.25,1673.75,147012
2022-05-27,1732.25,1725.75,1744.25,1718.75,93346
2022-05-26,1726.5,1675.25,1737.0,1667.25,144069
2022-05-25,1681.0,1694.25,1697.75,1665.5,82862
2022-05-24,1693.0,1687.75,1696.75,1673.5,78583
2022-05-23,1687.0,1706.0,1720.0,1685.0,87419
2022-05-20,1705.25,1691.0,1710.75,1683.25,90964
2022-05-19,1690.5,1663.75,1697.0,1660.75,102891
2022-05-18,1662.75,1678.0,1686.75,1657.0,86177
2022-05-17,1678.0,1655.0,1684.25,1645.25,76915
2022-05-16,1656.5,1657.5,1668.0,1650.25,63372
2022-05-13,1723.25,1712.25,1723.25,1712.25,83090
2022-05-12,1660.25,1641.5,1664.25,1635.5,66
2022-05-11,1650.25,1629.0,1658.0,1629.0,319
2022-05-10,1630.0,1626.0,1641.5,1623.5,395
2022-05-09,1621.0,1652.5,1652.5,1615.25,309
2022-05-06,1655.5,1671.0,1674.0,1654.0,352
2022-05-05,1678.5,1682.5,1699.5,1674.5,843
2022-05-04,1669.75,1659.5,1672.75,1652.5,869
2022-05-03,1659.0,1671.5,1688.0,1659.0,706
2022-05-02,1674.0,1712.25,1712.25,1664.0,1445
2022-04-29,1708.25,1711.0,1727.75,1707.0,3083
2022-04-28,1706.5,1728.25,1734.0,1703.75,26981
2022-04-27,1726.5,1706.0,1735.5,1700.0,49610
2022-04-26,1705.25,1704.25,1726.25,1693.25,59609
2022-04-25,1703.5,1715.0,1723.25,1685.75,76951
2022-04-22,1716.0,1747.5,1757.5,1704.25,85149
2022-04-21,1748.25,1747.5,1752.75,1728.25,86056
2022-04-20,1746.75,1718.0,1750.0,1714.5,89812
2022-04-19,1716.5,1712.0,1730.0,1705.25,71593
2022-04-18,1714.75,1688.75,1720.5,1688.5,83054
2022-04-14,1682.25,1678.5,1692.5,1670.0,78738
2022-04-13,1676.0,1672.25,1681.25,1652.0,117939
2022-04-12,1670.25,1658.75,1682.75,1657.0,104828
2022-04-11,1655.25,1691.0,1697.5,1651.5,113893
2022-04-08,1689.0,1647.75,1689.75,1645.5,116406
2022-04-07,1645.5,1620.0,1652.75,1614.75,114549
2022-04-06,1619.5,1630.0,1643.0,1615.0,75082
2022-04-05,1631.0,1605.0,1635.25,1604.25,66277
2022-04-04,1602.25,1584.0,1606.0,1576.75,71525
2022-04-01,1582.75,1620.75,1628.5,1580.75,102861
2022-03-31,1618.25,1666.75,1680.0,1613.5,96368
2022-03-30,1664.0,1644.0,1683.75,1638.75,67718
2022-03-29,1643.0,1662.5,1673.0,1622.0,107185
2022-03-28,1664.25,1703.0,1710.0,1661.0,76627
2022-03-25,1710.25,1702.0,1714.25,1684.75,64501
2022-03-24,1700.75,1722.25,1730.0,1697.5,72414
2022-03-23,1718.75,1695.5,1736.5,1691.0,75495
2022-03-22,1696.5,1692.75,1720.75,1686.0,80750
2022-03-21,1691.0,1673.0,1710.0,1666.75,82394
2022-03-18,1668.0,1669.75,1689.0,1651.5,67110
2022-03-17,1668.5,1649.25,1677.5,1647.25,74317
2022-03-16,1649.25,1661.0,1681.25,1645.25,65232
2022-03-15,1658.75,1674.0,1674.0,1638.0,70449
2022-03-14,1687.25,1708.0,1710.0,1687.25,73458
2022-03-11,1690.75,1706.5,1707.25,1680.75,333
2022-03-10,1700.0,1687.75,1716.25,1681.25,223
2022-03-09,1686.5,1727.75,1745.25,1684.5,566
2022-03-08,1704.5,1674.5,1708.0,1674.25,243
2022-03-07,1674.25,1696.5,1706.25,1674.25,298
2022-03-04,1676.25,1684.0,1700.25,1659.25,305
2022-03-03,1680.25,1690.25,1707.5,1680.25,1585
2022-03-02,1677.5,1708.0,1708.0,1668.0,1342
2022-03-01,1705.5,1648.25,1709.0,1648.25,1432
2022-02-28,1644.25,1642.5,1660.75,1621.0,4729
2022-02-25,1590.25,1661.5,1678.5,1585.5,26189
2022-02-24,1661.5,1676.25,1765.0,1656.0,70087
2022-02-23,1675.0,1637.5,1679.5,1636.5,98545
2022-02-22,1635.0,1609.0,1641.25,1602.25,117091
2022-02-18,1601.5,1590.5,1608.5,1587.5,107148
2022-02-17,1592.0,1585.25,1606.0,1576.5,114032
2022-02-16,1587.5,1552.25,1589.75,1547.0,100187
2022-02-15,1551.25,1569.25,1577.0,1542.25,147743
2022-02-14,1570.0,1587.0,1599.5,1551.5,125494
2022-02-11,1583.0,1573.0,1594.75,1563.5,184659
2022-02-10,1574.25,1594.75,1633.0,1565.5,255540
2022-02-09,1594.75,1570.5,1599.5,1566.5,190630
2022-02-08,1569.0,1585.0,1586.5,1559.0,176069
2022-02-07,1581.75,1571.0,1589.5,1565.25,178009
2022-02-04,1553.5,1544.5,1560.25,1532.0,116119
2022-02-03,1544.25,1544.0,1560.0,1529.0,133829
2022-02-02,1545.25,1528.0,1564.0,1526.0,175949
2022-02-01,1528.5,1490.0,1539.0,1485.0,157814
2022-01-31,1490.5,1474.0,1496.75,1473.5,111725
2022-01-28,1470.0,1446.5,1479.0,1441.5,148673
2022-01-27,1448.25,1436.0,1456.5,1428.5,143879
2022-01-26,1440.0,1405.75,1443.75,1393.75,139954
2022-01-25,1407.25,1405.0,1413.75,1393.25,107870
2022-01-24,1403.0,1419.5,1423.75,1382.5,134866
2022-01-21,1414.25,1420.0,1426.0,1405.25,104361
2022-01-20,1425.75,1388.25,1429.5,1387.5,149817
2022-01-19,1391.25,1363.5,1392.5,1363.5,107595
2022-01-18,1361.25,1360.0,1368.75,1349.75,124254
2022-01-14,1356.75,1356.75,1356.75,1356.75,86045
2022-01-13,1365.25,1368.0,1370.0,1359.25,415
2022-01-12,1391.25,1373.5,1391.75,1370.0,293
2022-01-11,1376.75,1378.0,1382.0,1365.5,57
2022-01-10,1374.75,1394.0,1396.0,1374.75,73
2022-01-07,1401.5,1373.5,1405.5,1368.0,254
2022-01-06,1377.25,1380.0,1382.0,1363.0,691
2022-01-05,1384.25,1377.75,1387.75,1372.0,1101
2022-01-04,1378.75,1346.0,1380.5,1346.0,2450
2022-01-03,1344.0,1340.25,1357.0,1332.0,3434
2021-12-31,1328.75,1328.5,1337.75,1328.0,2572
2021-12-30,1327.75,1354.75,1358.0,1323.25,16224
2021-12-29,1356.5,1359.5,1364.25,1345.5,51167
2021-12-28,1359.25,1360.5,1375.75,1354.0,40328
2021-12-27,1362.5,1337.5,1363.5,1333.75,54478
2021-12-23,1332.0,1326.0,1334.0,1321.0,60005
2021-12-22,1328.75,1306.0,1333.25,1304.75,68991
2021-12-21,1308.0,1292.0,1313.5,1286.5,81517
2021-12-20,1292.25,1289.5,1296.25,1278.5,83928
2021-12-17,1285.25,1276.25,1297.5,1274.75,122742
2021-12-16,1277.25,1262.0,1280.75,1258.75,115189
2021-12-15,1262.5,1260.0,1266.5,1251.0,91939
2021-12-14,1259.5,1246.0,1267.0,1237.5,102492
2021-12-13,1244.0,1271.0,1271.0,1243.25,116561
2021-12-10,1267.75,1264.25,1276.5,1259.25,112572
2021-12-09,1264.5,1260.25,1267.0,1247.0,102868
2021-12-08,1261.0,1252.25,1264.0,1238.25,122041
2021-12-07,1250.25,1262.25,1268.5,1243.0,171655
2021-12-06,1261.5,1271.75,1274.75,1254.5,75260
2021-12-03,1267.25,1244.5,1270.0,1244.25,94245
2021-12-02,1244.25,1229.75,1249.0,1221.0,94962
2021-12-01,1228.25,1222.0,1237.0,1216.25,105476
2021-11-30,1217.25,1241.5,1244.75,1214.25,132640
2021-11-29,1241.5,1260.75,1268.5,1240.75,82284
2021-11-26,1252.75,1252.0,1254.0,1240.25,88520
2021-11-24,1266.5,1273.75,1281.0,1263.25,72906
2021-11-23,1273.0,1274.25,1279.25,1263.0,65548
2021-11-22,1274.25,1264.25,1279.5,1260.0,70634
2021-11-19,1263.25,1265.5,1277.25,1257.0,78709
2021-11-18,1265.25,1276.5,1287.25,1262.75,103205
2021-11-17,1277.0,1252.0,1289.25,1250.75,146987
2021-11-16,1251.25,1255.75,1261.5,1248.5,80591
2021-11-15,1257.25,1242.25,1259.75,1238.0,94353
2021-11-12,1234.0,1215.0,1237.75,1215.0,104151
2021-11-11,1212.25,1204.5,1217.0,1200.0,336
2021-11-10,1203.5,1200.0,1209.75,1198.5,825
2021-11-09,1199.5,1178.0,1213.75,1171.25,512
2021-11-08,1178.0,1190.0,1196.0,1177.75,596
2021-11-05,1192.25,1210.0,1211.25,1191.0,776
2021-11-04,1209.25,1230.5,1233.25,1205.5,2676
2021-11-03,1231.5,1242.25,1245.0,1228.5,1263
2021-11-02,1244.0,1236.5,1250.25,1234.75,2003
2021-11-01,1236.75,1236.25,1246.5,1225.0,3899
2021-10-29,1235.75,1230.25,1242.0,1227.75,10990
2021-10-28,1233.75,1238.5,1249.5,1229.5,73201
2021-10-27,1239.25,1237.25,1257.5,1227.0,122469
2021-10-26,1238.0,1236.25,1246.25,1230.0,94349
2021-10-25,1237.25,1218.75,1238.25,1216.0,137468
2021-10-22,1220.5,1224.0,1230.5,1217.0,176315
2021-10-21,1224.0,1243.25,1249.5,1222.0,105786
2021-10-20,1245.5,1227.75,1249.5,1224.75,134395
2021-10-19,1228.0,1220.5,1239.25,1216.25,139462
2021-10-18,1221.5,1218.0,1225.25,1210.0,99058
2021-10-15,1217.75,1205.75,1221.0,1202.0,111808
2021-10-14,1206.25,1196.0,1207.75,1193.5,127035
2021-10-13,1195.25,1198.5,1211.25,1184.5,186725
2021-10-12,1198.25,1226.5,1230.75,1194.75,183780
2021-10-11,1228.25,1240.5,1251.25,1227.0,112209
2021-10-08,1243.0,1246.5,1262.5,1242.0,143586
2021-10-07,1247.25,1242.0,1249.5,1233.5,120772
2021-10-06,1242.0,1250.0,1255.5,1239.25,83888
2021-10-05,1250.5,1234.25,1256.25,1231.0,119391
2021-10-04,1235.75,1242.75,1247.75,1235.0,111356
2021-10-01,1246.5,1255.0,1262.25,1242.0,117447
2021-09-30,1256.0,1282.0,1295.0,1249.0,202394
2021-09-29,1283.75,1276.25,1288.5,1272.75,91807
2021-09-28,1277.0,1286.75,1287.0,1275.0,88017
2021-09-27,1287.5,1284.0,1297.0,1282.0,96607
2021-09-24,1285.0,1283.25,1290.0,1278.25,64911
2021-09-23,1284.25,1282.5,1290.25,1275.75,70612
2021-09-22,1282.75,1274.5,1285.0,1270.25,75666
2021-09-21,1274.0,1263.0,1275.5,1257.5,78941
2021-09-20,1262.5,1285.0,1286.0,1262.0,94112
2021-09-17,1284.0,1295.5,1298.5,1278.25,72388
2021-09-16,1296.0,1296.5,1308.0,1291.25,75853
2021-09-15,1294.5,1283.5,1296.0,1276.0,91389
2021-09-14,1276.5,1283.5,1283.5,1276.5,72169
2021-09-13,1272.5,1271.75,1272.5,1271.75,22
2021-09-10,1275.25,1261.25,1280.5,1259.0,49
2021-09-09,1258.75,1260.0,1267.25,1258.0,175
2021-09-08,1270.75,1270.75,1272.25,1269.5,30
2021-09-07,1268.75,1288.0,1292.0,1268.75,31
2021-09-03,1283.0,1290.5,1290.5,1283.0,62
2021-09-02,1279.25,1275.5,1284.0,1269.25,354
2021-09-01,1277.75,1291.5,1291.5,1272.5,663
2021-08-31,1298.75,1310.0,1312.75,1293.0,1682
2021-08-30,1304.75,1357.25,1359.25,1297.0,7248
2021-08-27,1359.25,1364.25,1368.25,1324.0,16506
2021-08-26,1367.5,1345.0,1373.75,1341.5,23771
2021-08-25,1346.0,1337.0,1355.5,1329.0,24442
2021-08-24,1337.0,1301.25,1343.5,1294.25,25598
2021-08-23,1294.0,1293.0,1311.75,1290.5,13922
2021-08-20,1293.75,1324.25,1337.25,1281.5,18268
2021-08-19,1323.0,1358.0,1358.0,1316.75,17626
2021-08-18,1358.25,1370.0,1372.75,1352.75,10179
2021-08-17,1369.0,1379.5,1386.5,1365.0,12021
2021-08-16,1376.0,1373.25,1385.5,1367.75,13440
2021-08-13,1424.25,1408.75,1434.5,1408.75,20560
2021-08-12,1401.5,1411.0,1428.75,1394.75,37
2021-08-11,1405.5,1448.5,1466.0,1403.0,285
2021-08-10,1447.5,1439.5,1460.75,1439.5,812
2021-08-09,1433.75,1426.0,1443.75,1418.5,446
2021-08-06,1422.25,1398.5,1422.25,1398.5,957
2021-08-05,1402.5,1403.5,1415.0,1393.5,1246
2021-08-04,1403.5,1390.25,1406.5,1390.25,2841
2021-08-03,1392.25,1409.0,1412.0,1380.5,2286
2021-08-02,1418.75,1419.25,1425.5,1404.0,1153
2021-07-30,1414.75,1435.0,1441.0,1405.75,2967
2021-07-29,1434.25,1431.75,1449.75,1427.75,17953
2021-07-28,1432.0,1422.75,1435.75,1410.5,21549
2021-07-27,1418.25,1419.25,1442.75,1412.5,22129
2021-07-26,1412.75,1405.0,1415.5,1380.0,25875
2021-07-23,1401.0,1418.25,1419.75,1396.0,23499
2021-07-22,1416.25,1439.75,1440.25,1391.25,30714
2021-07-21,1439.25,1449.25,1451.5,1428.75,21426
2021-07-20,1443.5,1434.25,1452.75,1429.25,33664
2021-07-19,1428.0,1475.0,1480.0,1426.25,24475
2021-07-16,1454.75,1449.5,1473.75,1444.0,31628
2021-07-15,1447.5,1453.25,1461.0,1440.75,30128
2021-07-14,1467.75,1438.0,1475.75,1438.0,36423
2021-07-13,1438.0,1436.0,1449.25,1434.0,172
2021-07-12,1432.5,1408.75,1432.5,1408.75,105
2021-07-09,1404.0,1387.5,1404.5,1387.5,329
2021-07-08,1390.25,1380.75,1398.75,1380.75,507
2021-07-07,1386.5,1399.0,1402.0,1366.75,795
2021-07-06,1363.75,1420.0,1420.0,1353.0,586
2021-07-02,1451.75,1447.0,1465.0,1441.75,1542
2021-07-01,1446.75,1450.25,1480.0,1438.0,2182
2021-06-30,1450.0,1360.0,1454.25,1336.25,4559
2021-06-29,1359.75,1370.0,1372.5,1348.0,20510
2021-06-28,1357.0,1329.75,1365.5,1326.0,51276
2021-06-25,1329.75,1369.5,1384.75,1325.75,97444
2021-06-24,1371.25,1382.5,1385.0,1345.75,57347
2021-06-23,1385.0,1392.0,1406.75,1381.0,65951
2021-06-22,1394.5,1420.0,1427.25,1393.25,67595
2021-06-21,1415.0,1374.0,1422.5,1370.0,64081
2021-06-18,1396.0,1330.75,1408.25,1330.75,100857
2021-06-17,1329.75,1443.0,1450.0,1323.5,121978
2021-06-16,1448.5,1468.25,1475.0,1442.5,74804
2021-06-15,1465.75,1483.5,1488.25,1460.0,103081
2021-06-14,1472.25,1504.25,1504.25,1455.0,106170
2021-06-11,1508.5,1544.5,1551.25,1496.5,155417
2021-06-10,1544.0,1562.5,1576.5,1537.25,144526
2021-06-09,1562.5,1584.25,1586.75,1550.0,117025
2021-06-08,1580.0,1571.0,1597.5,1561.5,141918
2021-06-07,1560.25,1599.75,1623.5,1558.5,145331
2021-06-04,1583.75,1548.25,1587.0,1545.25,80384
2021-06-03,1549.25,1565.5,1589.0,1543.5,91793
2021-06-02,1562.5,1546.0,1567.75,1541.75,93696
2021-06-01,1548.5,1542.0,1578.5,1537.25,97373
2021-05-28,1530.5,1538.0,1555.75,1522.75,74559
2021-05-27,1537.0,1508.0,1539.25,1492.0,87612
2021-05-26,1503.5,1512.5,1525.5,1489.25,101218
2021-05-25,1511.75,1523.75,1538.25,1499.0,98163
2021-05-24,1522.75,1520.75,1525.75,1506.25,78380
2021-05-21,1526.25,1534.0,1540.75,1512.25,87016
2021-05-20,1533.25,1547.0,1553.75,1523.0,74949
2021-05-19,1538.25,1576.0,1576.25,1522.0,125738
2021-05-18,1574.25,1588.25,1604.75,1569.0,100081
2021-05-17,1587.5,1584.75,1603.25,1575.5,84850
2021-05-14,1603.75,1625.0,1625.0,1603.75,104663
2021-05-13,1612.25,1657.0,1657.0,1598.0,199
2021-05-12,1660.5,1666.25,1677.25,1660.25,172
2021-05-11,1637.5,1614.5,1650.25,1608.25,128
2021-05-10,1620.0,1621.0,1627.0,1613.25,396
2021-05-07,1621.0,1614.5,1630.25,1602.5,508
2021-05-06,1605.5,1590.5,1609.0,1589.75,588
2021-05-05,1582.0,1591.25,1591.25,1573.75,631
2021-05-04,1577.0,1571.0,1590.75,1571.0,1618
2021-05-03,1560.25,1579.0,1600.0,1553.5,1617
2021-04-30,1571.0,1534.0,1573.5,1527.5,4669
2021-04-29,1542.5,1549.0,1573.75,1538.0,22542
2021-04-28,1557.75,1545.25,1589.0,1524.25,66001
2021-04-27,1549.75,1572.25,1608.75,1548.0,77706
2021-04-26,1569.0,1548.75,1573.0,1540.5,84662
2021-04-23,1539.75,1534.0,1549.75,1520.0,112190
2021-04-22,1533.25,1498.75,1543.0,1498.25,115383
2021-04-21,1497.25,1475.0,1499.75,1467.5,88608
2021-04-20,1472.0,1450.5,1485.5,1450.0,91627
2021-04-19,1449.75,1439.75,1454.5,1434.75,78228
2021-04-16,1433.25,1419.0,1437.75,1418.0,88555
2021-04-15,1418.25,1410.0,1421.0,1407.5,85081
2021-04-14,1410.0,1391.5,1416.25,1389.25,113554
2021-04-13,1389.5,1385.25,1398.75,1378.0,119433
2021-04-12,1382.0,1403.25,1407.25,1379.5,134732
2021-04-09,1403.0,1416.0,1419.0,1400.75,113734
2021-04-08,1415.25,1408.75,1422.5,1404.5,98187
2021-04-07,1408.75,1420.5,1427.5,1403.75,84843
2021-04-06,1418.75,1412.75,1431.0,1412.5,81203
2021-04-05,1412.75,1410.0,1421.0,1405.25,63975
2021-04-01,1402.0,1444.0,1456.25,1398.5,169783
2021-03-31,1436.75,1368.75,1436.75,1364.75,128593
2021-03-30,1366.75,1393.0,1394.75,1364.25,96925
2021-03-29,1393.0,1400.5,1402.75,1383.0,98533
2021-03-26,1400.5,1414.0,1419.0,1399.0,100389
2021-03-25,1414.25,1430.75,1431.75,1410.5,104662
2021-03-24,1432.75,1421.75,1433.5,1418.25,78103
2021-03-23,1423.25,1418.75,1435.0,1414.25,108200
2021-03-22,1417.5,1418.75,1423.75,1405.25,77293
2021-03-19,1416.25,1391.0,1418.25,1390.0,86775
2021-03-18,1392.25,1417.25,1419.0,1390.5,93486
2021-03-17,1417.75,1424.0,1425.25,1408.0,69409
2021-03-16,1423.25,1420.0,1425.0,1412.75,71215
2021-03-15,1419.5,1409.25,1423.75,1402.0,82218
2021-03-12,1415.75,1425.0,1425.0,1395.75,100480
2021-03-11,1415.5,1407.75,1421.75,1407.75,180
2021-03-10,1411.5,1441.25,1441.5,1411.25,340
2021-03-09,1441.25,1442.25,1443.5,1430.0,186
2021-03-08,1437.75,1447.0,1453.5,1436.0,149
2021-03-05,1434.25,1414.25,1437.25,1414.25,171
2021-03-04,1415.25,1418.75,1441.0,1409.5,385
2021-03-03,1410.75,1412.0,1417.5,1400.25,619
2021-03-02,1414.0,1395.0,1416.0,1383.5,680
2021-03-01,1392.5,1415.75,1422.0,1392.0,1258
2021-02-26,1405.25,1404.0,1408.25,1380.0,5701
2021-02-25,1406.0,1423.5,1443.0,1391.75,44673
2021-02-24,1423.75,1407.25,1426.5,1406.75,66143
2021-02-23,1406.0,1383.75,1425.0,1380.75,88637
2021-02-22,1383.75,1384.75,1388.5,1371.0,124120
2021-02-19,1377.25,1376.25,1388.75,1366.5,140822
2021-02-18,1375.0,1385.0,1391.25,1370.0,114634
2021-02-17,1383.75,1386.25,1390.0,1376.25,75855
2021-02-16,1384.75,1385.75,1394.0,1373.75,115890
2021-02-12,1372.0,1368.5,1377.25,1362.0,89711
2021-02-11,1367.5,1352.75,1379.75,1337.25,133481
2021-02-10,1354.0,1404.5,1404.75,1352.25,171264
2021-02-09,1401.75,1391.0,1409.5,1377.5,183992
2021-02-08,1387.75,1368.75,1392.5,1364.75,132805
2021-02-05,1366.75,1370.75,1382.75,1365.5,125252
2021-02-04,1372.5,1374.0,1381.5,1364.5,105595
2021-02-03,1371.25,1354.5,1372.5,1342.5,104412
2021-02-02,1354.75,1366.0,1372.0,1341.5,101229
2021-02-01,1365.25,1375.0,1383.0,1349.25,122610
2021-01-29,1370.0,1353.25,1376.75,1335.5,140139
2021-01-28,1353.25,1371.75,1391.25,1345.5,147312
2021-01-27,1374.75,1376.0,1394.75,1364.5,176959
2021-01-26,1370.25,1348.25,1376.5,1333.5,116570
2021-01-25,1343.5,1308.75,1352.25,1298.0,150390
2021-01-22,1311.75,1367.0,1367.0,1305.25,203991
2021-01-21,1370.25,1369.0,1387.0,1365.5,118977
2021-01-20,1369.5,1384.5,1384.5,1352.0,182300
2021-01-19,1385.75,1419.0,1421.25,1383.25,129335
2021-01-15,1416.75,1432.25,1434.5,1413.5,102084
2021-01-14,1436.5,1413.0,1436.5,1413.0,109224
2021-01-13,1411.0,1433.5,1438.25,1410.75,242
2021-01-12,1422.0,1377.25,1430.0,1367.5,331
2021-01-11,1374.5,1381.5,1384.5,1360.0,365
2021-01-08,1375.75,1366.5,1383.75,1366.0,810
2021-01-07,1360.5,1368.0,1368.0,1347.0,1097
2021-01-06,1365.25,1359.75,1376.25,1359.75,880
2021-01-05,1350.0,1319.25,1373.5,1319.25,1194
2021-01-04,1316.5,1324.0,1349.75,1306.25,2421
2020-12-31,1315.25,1302.25,1321.5,1299.25,3634
2020-12-30,1303.75,1295.0,1308.25,1279.75,24625
2020-12-29,1295.5,1253.75,1298.75,1245.0,43283
2020-12-28,1255.25,1273.0,1279.5,1245.0,56756
2020-12-24,1263.5,1260.25,1274.25,1259.75,41312
2020-12-23,1258.75,1248.25,1266.75,1240.5,93382
2020-12-22,1247.25,1244.5,1252.25,1236.75,102551
2020-12-21,1243.25,1225.25,1244.0,1213.5,129147
2020-12-18,1220.0,1202.75,1224.75,1201.5,110919
2020-12-17,1201.25,1183.25,1203.0,1179.75,125030
2020-12-16,1183.75,1187.0,1195.0,1181.75,122886
2020-12-15,1184.25,1170.75,1185.75,1162.0,128713
2020-12-14,1169.5,1164.75,1173.0,1161.25,101997
2020-12-11,1160.5,1155.25,1162.75,1151.0,129424
2020-12-10,1152.75,1159.75,1178.0,1150.25,202110
2020-12-09,1158.5,1146.0,1160.75,1145.5,121502
2020-12-08,1145.75,1157.5,1160.25,1142.75,176569
2020-12-07,1158.5,1160.0,1169.0,1149.0,165902
2020-12-04,1163.0,1168.0,1172.5,1157.75,98159
2020-12-03,1168.25,1154.25,1170.75,1152.0,93899
2020-12-02,1153.0,1163.75,1164.0,1142.5,134260
2020-12-01,1162.0,1169.25,1176.0,1161.25,109296
2020-11-30,1168.5,1198.0,1199.0,1168.0,127702
2020-11-27,1191.75,1186.0,1194.0,1179.25,49078
2020-11-25,1184.0,1197.5,1198.5,1183.25,85398
2020-11-24,1191.25,1190.75,1194.0,1174.0,126040
2020-11-23,1191.5,1195.5,1200.0,1186.0,113186
2020-11-20,1181.0,1179.0,1196.75,1176.75,149969
2020-11-19,1177.5,1174.0,1181.25,1161.75,130563
2020-11-18,1175.75,1170.25,1189.75,1167.75,165853
2020-11-17,1169.75,1157.0,1178.25,1156.25,148053
2020-11-16,1153.5,1150.25,1155.25,1144.0,93941
2020-11-13,1141.5,1139.5,1145.0,1139.5,118177
2020-11-12,1137.0,1136.25,1140.75,1132.25,451
2020-11-11,1143.25,1137.0,1150.25,1136.0,489
2020-11-10,1138.25,1106.75,1145.25,1102.25,582
2020-11-09,1105.0,1097.75,1113.25,1096.75,808
2020-11-06,1098.5,1101.0,1107.5,1095.75,1031
2020-11-05,1101.75,1080.0,1111.25,1079.5,2013
2020-11-04,1079.0,1061.5,1081.5,1056.25,1304
2020-11-03,1059.0,1051.0,1068.5,1051.0,2656
2020-11-02,1050.75,1053.5,1053.5,1042.0,3660
2020-10-30,1056.5,1051.0,1062.25,1047.0,12667
2020-10-29,1051.75,1058.5,1062.25,1051.0,63846
2020-10-28,1057.25,1081.75,1081.75,1056.75,100102
2020-10-27,1082.25,1086.0,1094.0,1081.75,111439
2020-10-26,1087.75,1083.75,1089.75,1078.0,111054
2020-10-23,1083.75,1071.25,1088.5,1065.75,173835
2020-10-22,1073.75,1072.25,1085.25,1063.5,149124
2020-10-21,1072.0,1065.0,1077.0,1064.25,127982
2020-10-20,1064.0,1055.75,1065.75,1051.25,120566
2020-10-19,1054.25,1051.25,1058.25,1047.75,117717
2020-10-16,1050.0,1062.75,1070.75,1048.75,138422
2020-10-15,1062.25,1057.5,1064.25,1037.25,158655
2020-10-14,1056.25,1043.0,1059.75,1039.75,161954
2020-10-13,1044.0,1034.0,1046.0,1032.5,171633
2020-10-12,1033.75,1065.25,1073.5,1031.5,262222
2020-10-09,1065.5,1050.25,1079.75,1047.0,264053
2020-10-08,1050.0,1051.25,1069.0,1048.5,239775
2020-10-07,1051.0,1041.25,1059.75,1037.25,236406
2020-10-06,1044.0,1021.5,1053.75,1021.25,212107
2020-10-05,1021.5,1019.75,1025.5,1016.0,112442
2020-10-02,1020.75,1024.0,1028.0,1013.0,136558
2020-10-01,1023.5,1023.25,1035.0,1021.75,141785
2020-09-30,1023.5,992.25,1034.75,987.5,220274
2020-09-29,993.0,994.0,997.75,985.75,120596
2020-09-28,996.25,1002.0,1007.5,991.5,117222
2020-09-25,1002.5,999.0,1008.0,995.25,115655
2020-09-24,1000.0,1012.5,1014.75,997.25,175815
2020-09-23,1014.5,1020.5,1025.5,1011.0,135269
2020-09-22,1019.75,1020.25,1037.0,1013.25,169336
2020-09-21,1022.5,1041.0,1045.25,1020.5,198261
2020-09-18,1043.5,1028.0,1046.75,1027.25,188266
2020-09-17,1028.5,1011.5,1032.25,1005.0,259968
2020-09-16,1011.25,991.0,1013.75,985.0,176360
2020-09-15,991.5,1001.0,1005.75,990.25,135852
2020-09-14,1019.25,1019.25,1019.25,1019.25,137347
2020-09-11,1005.5,992.0,1025.0,992.0,63
2020-09-10,985.0,983.5,986.25,982.5,32
2020-09-09,979.75,974.25,979.75,974.25,62
2020-09-08,973.0,975.75,975.75,965.0,83
2020-09-04,969.5,970.0,971.0,969.5,85
2020-09-03,968.75,962.5,968.75,962.5,323
2020-09-02,962.5,951.5,962.5,947.5,360
2020-09-01,955.0,948.0,956.5,945.0,553
2020-08-31,951.25,960.25,967.0,950.75,1130
2020-08-28,950.5,935.75,952.5,935.75,12103
2020-08-27,937.25,919.75,943.75,919.5,16175
2020-08-26,919.5,914.0,920.25,914.0,15086
2020-08-25,913.75,905.0,914.75,905.0,22496
2020-08-24,899.75,901.0,907.75,896.75,17315
2020-08-21,900.75,904.5,907.75,899.5,26635
2020-08-20,903.0,911.75,914.0,900.5,16782
2020-08-19,912.5,910.5,917.75,907.75,15732
2020-08-18,912.0,912.0,914.75,908.0,34101
2020-08-17,912.5,899.5,915.0,899.0,26203
2020-08-14,903.5,903.0,903.5,903.0,15669
2020-08-13,907.25,894.75,910.5,894.75,344
2020-08-12,890.5,880.75,890.5,878.0,447
2020-08-11,878.0,878.5,879.5,878.0,275
2020-08-10,876.5,869.5,878.25,869.5,79
2020-08-07,870.25,878.0,878.75,870.25,451
2020-08-06,880.75,882.0,886.0,880.0,207
2020-08-05,882.0,884.0,884.0,880.0,609
2020-08-04,883.75,893.5,893.5,881.0,1115
2020-08-03,897.5,898.5,903.0,893.0,1059
2020-07-31,897.5,893.5,899.25,893.5,5040
2020-07-30,891.75,891.0,893.5,884.25,18187
2020-07-29,891.5,896.75,898.0,891.5,46758
2020-07-28,896.75,903.0,903.0,893.0,45927
2020-07-27,906.5,904.0,909.25,901.5,30189
2020-07-24,904.75,906.0,910.0,901.5,32453
2020-07-23,906.25,898.75,907.0,897.5,27924
2020-07-22,899.25,896.5,901.25,892.0,26710
2020-07-21,896.5,902.5,902.5,895.0,28322
2020-07-20,903.0,898.5,905.5,897.0,27127
2020-07-17,898.0,893.25,898.75,892.75,23350
2020-07-16,893.5,887.5,896.0,886.75,29648
2020-07-15,886.25,879.25,887.5,877.5,29421
2020-07-14,882.25,882.25,882.25,882.25,30476
2020-07-13,876.5,888.0,888.75,876.5,21
2020-07-10,891.5,898.5,900.75,888.75,67
2020-07-09,898.25,903.0,907.0,898.25,171
2020-07-08,894.75,891.25,898.75,891.25,371
2020-07-07,895.25,894.0,899.25,894.0,285
2020-07-06,898.5,897.5,901.5,897.0,762
2020-07-02,892.5,893.75,898.0,890.25,791
2020-07-01,893.75,883.75,898.5,883.25,4084
2020-06-30,884.25,865.0,891.0,864.0,10148
2020-06-29,866.5,864.0,869.5,860.0,37709
2020-06-26,865.0,869.0,871.75,862.75,97228
2020-06-25,869.25,870.5,871.5,861.75,69955
2020-06-24,870.75,875.5,877.5,870.0,90927
2020-06-23,875.0,876.75,879.0,865.0,121219
2020-06-22,876.25,875.25,879.75,872.5,94353
2020-06-19,876.5,873.0,880.5,871.5,87950
2020-06-18,873.0,871.0,876.5,870.0,101429
2020-06-17,871.25,866.5,875.75,860.0,115263
2020-06-16,867.0,870.75,873.0,864.75,108921
2020-06-15,869.0,870.5,871.75,864.25,103929
2020-06-12,871.25,866.5,873.0,863.5,134400
2020-06-11,866.0,865.0,869.5,861.0,114073
2020-06-10,865.5,863.25,869.25,863.0,117232
2020-06-09,863.25,864.0,866.5,856.5,141206
2020-06-08,864.75,869.25,871.5,861.75,117154
2020-06-05,867.75,868.0,873.5,865.25,138816
2020-06-04,867.75,857.0,873.25,855.25,150610
2020-06-03,857.5,851.75,858.0,851.25,107887
2020-06-02,850.5,840.0,856.0,838.5,125683
2020-06-01,840.5,843.5,849.0,834.0,119172
2020-05-29,840.75,846.0,846.0,837.0,93470
2020-05-28,847.0,848.5,852.25,838.75,82411
2020-05-27,848.5,848.0,851.25,843.5,89189
2020-05-26,847.0,832.5,849.0,832.25,120908
2020-05-22,833.25,835.25,839.5,828.5,95907
2020-05-21,835.0,846.75,848.5,833.75,96034
2020-05-20,846.75,842.0,849.5,842.0,63343
2020-05-19,842.5,846.0,848.5,839.25,71624
2020-05-18,845.0,840.5,847.75,838.75,65172
2020-05-15,838.5,838.0,843.0,836.5,64517
2020-05-14,835.25,837.0,837.0,835.25,66851
2020-05-13,836.0,841.75,842.25,836.0,40
2020-05-12,849.25,852.75,854.75,847.5,60
2020-05-11,852.25,857.0,857.0,851.5,155
2020-05-08,848.75,842.0,856.25,842.0,404
2020-05-07,841.5,834.25,845.25,831.0,456
2020-05-06,830.5,838.25,838.25,829.5,319
2020-05-05,838.25,833.25,838.25,832.5,543
2020-05-04,834.0,843.5,843.5,831.0,675
2020-05-01,847.25,849.75,850.75,842.75,2586
2020-04-30,850.25,833.75,851.0,833.75,5384
2020-04-29,831.75,825.5,835.0,824.75,32364
2020-04-28,826.0,829.5,835.5,822.5,63296
2020-04-27,829.0,831.25,838.75,827.25,60072
2020-04-24,832.25,840.0,843.75,827.5,68404
2020-04-23,839.25,834.75,848.75,833.75,67541
2020-04-22,834.75,831.25,839.0,827.0,79892
2020-04-21,830.75,826.0,833.5,808.25,85886
2020-04-20,826.5,833.5,835.75,824.5,52383
2020-04-17,832.5,839.25,842.75,831.75,56944
2020-04-16,836.75,840.75,846.75,835.25,64484
2020-04-15,842.0,847.5,852.5,838.75,111556
2020-04-14,847.0,854.75,856.5,845.75,102334
2020-04-13,854.25,864.0,870.0,850.5,89265
2020-04-09,863.5,855.5,867.0,853.75,105524
2020-04-08,854.5,855.75,860.5,851.75,79057
2020-04-07,854.75,856.0,862.25,854.25,86188
2020-04-06,855.5,853.5,859.0,848.5,68720
2020-04-03,854.25,859.75,864.5,850.5,83592
2020-04-02,858.75,864.75,870.0,857.0,89450
2020-04-01,862.75,885.75,887.25,860.75,91934
2020-03-31,886.0,882.5,887.5,875.75,100917
2020-03-30,882.25,880.0,892.5,876.75,75012
2020-03-27,881.5,879.0,888.75,875.25,85866
2020-03-26,880.25,882.5,884.5,871.25,92600
2020-03-25,881.5,885.0,897.0,880.5,101240
2020-03-24,886.75,884.0,887.75,872.5,101830
2020-03-23,884.0,860.0,885.25,858.25,137562
2020-03-20,862.5,845.75,864.75,845.5,123550
2020-03-19,843.25,829.25,855.75,825.0,146051
2020-03-18,825.5,824.5,838.5,822.25,131550
2020-03-17,824.25,824.75,832.5,822.0,124052
2020-03-16,821.75,842.0,854.75,821.0,162521
2020-03-13,846.75,846.75,846.75,846.75,157825
2020-03-12,855.0,871.25,871.25,853.75,8
2020-03-11,867.75,876.25,878.5,867.75,228
2020-03-10,873.0,874.25,879.5,871.5,380
2020-03-09,863.5,865.0,871.75,861.75,223
2020-03-06,883.25,890.75,892.0,882.0,406
2020-03-05,889.0,896.5,896.5,889.0,291
2020-03-04,898.75,898.5,900.75,897.25,657
2020-03-03,893.0,891.25,895.5,889.25,3011
2020-03-02,890.5,883.75,895.0,883.75,4084
2020-02-28,883.5,886.25,887.25,874.5,11811
2020-02-27,886.25,880.5,887.75,866.75,67399
2020-02-26,881.0,879.5,888.25,875.5,86864
2020-02-25,879.0,875.5,880.75,873.25,56793
2020-02-24,874.25,888.0,888.5,870.75,91246
2020-02-21,890.5,892.0,902.0,887.5,139963
2020-02-20,892.75,896.5,898.0,891.25,99285
2020-02-19,897.25,892.25,898.25,885.0,142100
2020-02-18,892.25,894.75,898.5,889.25,133199
2020-02-14,893.75,896.25,899.25,890.0,130575
2020-02-13,896.25,891.0,899.75,888.5,193428
2020-02-12,892.5,885.5,893.0,881.5,163370
2020-02-11,884.75,885.75,889.0,878.0,134299
2020-02-10,884.25,883.0,889.75,879.5,145123
2020-02-07,882.0,883.25,884.75,876.25,124917
2020-02-06,881.0,880.0,886.25,876.75,110541
2020-02-05,880.0,880.0,888.0,878.0,75259
2020-02-04,879.5,876.25,887.0,873.75,102451
2020-02-03,877.0,870.75,878.75,868.75,138975
2020-01-31,872.5,880.0,882.75,872.25,88324
2020-01-30,876.25,893.5,893.75,875.5,123089
2020-01-29,893.0,896.0,903.0,890.75,77353
2020-01-28,895.0,897.5,898.0,888.5,86749
2020-01-27,897.25,899.25,900.0,888.25,107839
2020-01-24,902.0,909.25,909.25,900.75,77349
2020-01-23,909.5,914.0,914.75,904.0,98543
2020-01-22,913.75,917.0,922.0,913.25,92153
2020-01-21,916.0,930.0,931.5,915.25,119955
2020-01-17,929.75,924.5,933.5,920.0,90936
2020-01-16,924.0,929.75,930.25,922.0,101998
2020-01-15,928.75,942.0,943.25,928.25,119742
2020-01-14,928.5,929.0,934.75,928.5,84463
2020-01-13,929.25,938.5,938.5,929.25,82
2020-01-10,935.0,931.5,935.5,927.5,203
2020-01-09,933.75,943.25,943.25,931.0,345
2020-01-08,938.25,936.25,940.0,935.75,576
2020-01-07,935.0,933.5,935.0,928.75,866
2020-01-06,932.75,929.25,936.25,929.0,1524
2020-01-03,930.5,944.5,945.25,926.75,2272
2020-01-02,944.25,943.25,949.0,941.75,2217
2019-12-31,943.0,939.25,943.5,933.75,10926
2019-12-30,939.5,929.0,941.0,927.25,54975
2019-12-27,929.5,937.25,941.5,928.75,72394
2019-12-26,937.75,937.75,940.0,936.75,42300
2019-12-24,936.5,933.0,937.5,929.0,45245
2019-12-23,934.0,929.0,937.0,927.5,100647
2019-12-20,928.25,925.0,930.0,924.0,88295
2019-12-19,924.5,926.75,929.25,921.25,82259
2019-12-18,928.5,928.0,930.0,923.0,98044
2019-12-17,928.75,921.25,931.0,920.25,137658
2019-12-16,922.0,912.5,922.75,912.5,108734
2019-12-13,907.5,906.0,917.0,901.5,167011
2019-12-12,898.25,893.0,901.75,888.25,129658
2019-12-11,893.5,898.75,902.0,892.0,154948
2019-12-10,901.25,897.5,902.25,896.25,100653
2019-12-09,897.25,891.75,903.5,889.75,179217
2019-12-06,889.5,884.75,894.0,884.5,159565
2019-12-05,884.25,878.0,888.75,877.25,108171
2019-12-04,878.0,872.25,880.0,871.5,102632
2019-12-03,871.0,873.5,875.75,868.25,111142
2019-12-02,870.5,877.75,883.0,867.5,125372
2019-11-29,876.75,883.25,884.75,875.75,66997
2019-11-27,882.0,884.75,887.5,881.25,88224
2019-11-26,884.25,892.75,895.0,882.75,104621
2019-11-25,892.5,898.0,902.5,892.0,77560
2019-11-22,897.0,900.5,903.5,895.5,84251
2019-11-21,901.0,905.25,909.25,900.25,97029
2019-11-20,905.0,910.5,915.75,904.25,118388
2019-11-19,911.5,910.5,917.0,910.0,90805
2019-11-18,910.25,919.0,921.75,910.0,83364
2019-11-15,918.25,918.25,923.5,915.25,80816
2019-11-14,900.25,900.75,901.75,900.25,88541
2019-11-13,902.5,906.5,909.25,902.0,342
2019-11-12,905.75,906.0,909.25,905.0,158
2019-11-11,905.0,916.5,917.25,904.25,798
2019-11-08,919.5,924.5,926.25,915.75,610
2019-11-07,925.0,916.5,927.0,915.0,793
2019-11-06,915.0,922.25,922.25,914.25,1583
2019-11-05,921.75,925.25,928.75,920.0,660
2019-11-04,925.75,923.25,929.75,921.0,1287
2019-11-01,924.25,915.5,926.5,915.0,7099
2019-10-31,916.75,915.75,920.25,910.5,14167
2019-10-30,916.0,917.75,921.5,915.25,110262
2019-10-29,918.25,921.0,925.25,916.0,147901
2019-10-28,920.75,921.5,926.0,920.25,132478
2019-10-25,920.25,933.5,937.25,919.5,190315
2019-10-24,933.25,933.75,939.0,932.75,133429
2019-10-23,933.75,934.0,939.0,927.75,183773
2019-10-22,934.0,932.5,945.25,931.0,162322
2019-10-21,933.25,930.75,940.0,930.25,132043
2019-10-18,934.0,931.0,938.5,930.5,120202
2019-10-17,931.5,928.0,940.75,927.25,119451
2019-10-16,928.0,933.0,938.75,927.5,102683
2019-10-15,934.0,938.75,944.25,933.25,129605
2019-10-14,940.5,940.5,945.0,930.5,131889
2019-10-11,936.0,923.75,939.25,923.5,131889
2019-10-10,923.5,919.5,934.0,918.75,170687
2019-10-09,923.75,918.5,931.5,918.25,165142
2019-10-08,920.5,915.0,923.75,910.5,149426
2019-10-07,915.25,916.5,919.5,911.5,131284
2019-10-04,916.25,911.0,921.25,909.5,88001
2019-10-03,911.75,913.0,918.5,908.0,109300
2019-10-02,913.75,917.25,918.75,911.75,114727
2019-10-01,919.5,904.0,920.0,903.25,182135
2019-09-30,906.0,884.75,906.75,883.75,163353
2019-09-27,883.0,887.75,889.25,881.5,67140
2019-09-26,888.5,888.0,895.5,886.75,83062
2019-09-25,889.25,894.0,897.75,885.25,99066
2019-09-24,894.25,892.5,899.0,890.5,96225
2019-09-23,892.5,882.75,899.25,882.75,121013
2019-09-20,882.75,893.0,893.5,880.75,96181
2019-09-19,893.0,889.25,895.0,886.25,88652
2019-09-18,888.75,895.25,897.0,886.75,61671
2019-09-17,893.75,900.0,900.0,888.25,91238
2019-09-16,900.0,903.25,904.75,894.25,90735
2019-09-13,884.75,890.0,890.25,884.75,103085
2019-09-12,883.0,862.75,883.0,862.75,198
2019-09-11,854.0,853.75,854.0,851.5,648
2019-09-10,859.25,847.25,859.25,845.5,465
2019-09-09,845.0,843.0,847.75,839.75,617
2019-09-06,845.0,853.5,853.5,844.75,657
2019-09-05,849.75,863.0,863.0,846.75,1293
2019-09-04,862.5,856.5,863.75,852.5,2164
2019-09-03,856.5,855.5,856.5,848.75,2239
2019-08-30,857.0,856.25,864.75,855.0,6659
2019-08-29,856.25,852.75,860.5,852.5,42036
2019-08-28,852.75,846.25,854.75,839.5,41347
2019-08-27,846.25,851.5,852.0,843.0,51663
2019-08-26,853.75,842.0,857.25,842.0,39661
2019-08-23,843.25,855.5,859.25,842.0,35504
2019-08-22,856.0,860.5,869.5,855.25,18766
2019-08-21,860.5,855.75,864.0,854.25,10768
2019-08-20,855.75,856.25,862.0,853.0,14785
2019-08-19,854.0,862.25,865.0,852.0,14187
2019-08-16,867.25,858.25,868.0,858.25,14071
2019-08-15,858.0,866.75,872.0,857.75,13755
2019-08-14,861.0,869.5,869.5,861.0,21321
2019-08-13,872.0,872.0,872.0,871.25,145
2019-08-12,861.5,871.0,871.0,860.0,324
2019-08-09,873.75,871.75,875.25,866.0,1592
2019-08-08,865.0,851.75,865.0,851.75,2028
2019-08-07,848.75,848.25,848.75,844.25,2532
2019-08-06,847.75,848.5,853.25,847.0,2306
2019-08-05,850.25,852.25,854.0,837.25,3186
2019-08-02,850.25,849.0,853.5,845.25,4626
2019-08-01,847.0,862.75,863.75,842.75,6821
2019-07-31,864.0,876.5,882.0,862.75,10230
2019-07-30,878.75,884.75,887.0,871.5,52783
2019-07-29,885.75,882.5,890.75,881.75,74809
2019-07-26,883.25,883.5,890.0,881.5,62234
2019-07-25,882.5,891.0,896.0,881.0,42118
2019-07-24,891.0,886.0,895.0,883.75,47514
2019-07-23,885.75,888.5,892.5,881.0,25780
2019-07-22,888.25,901.5,904.25,887.5,35788
2019-07-19,901.5,881.75,905.75,879.5,53086
2019-07-18,881.25,880.0,885.75,875.5,34663
2019-07-17,882.5,887.5,894.25,881.5,32882
2019-07-16,887.75,899.75,900.0,885.0,64645
2019-07-15,901.75,915.25,918.0,900.5,26785
2019-07-12,906.75,902.25,906.75,902.25,29186
2019-07-11,896.25,894.0,896.25,890.75,208
2019-07-10,893.0,884.5,893.0,880.75,651
2019-07-09,882.75,872.25,882.75,870.75,936
2019-07-08,875.25,878.0,878.5,870.0,1340
2019-07-05,872.25,884.0,884.75,871.75,1991
2019-07-03,885.25,875.5,885.75,873.5,3531
2019-07-02,876.25,886.25,888.25,876.25,2636
2019-07-01,885.5,910.75,910.75,884.0,4732
2019-06-28,899.75,889.25,906.0,887.25,16083
2019-06-27,887.75,893.25,898.25,883.5,74477
2019-06-26,894.25,902.0,902.0,893.25,108709
2019-06-25,903.5,915.0,917.75,900.5,141144
2019-06-24,909.0,902.0,911.25,899.5,110371
2019-06-21,902.75,915.0,917.25,902.5,139463
2019-06-20,915.5,901.25,917.5,896.5,147071
2019-06-19,903.25,912.5,913.5,901.5,149148
2019-06-18,913.5,918.25,921.5,902.75,154004
2019-06-17,912.75,901.0,914.0,900.75,164353
2019-06-14,896.75,887.5,898.25,885.25,131228
2019-06-13,888.0,878.0,888.75,877.75,122373
2019-06-12,878.0,857.25,883.25,853.25,168960
2019-06-11,859.25,855.5,863.5,850.25,138285
2019-06-10,858.5,853.75,866.0,848.25,109009
2019-06-07,856.25,868.75,871.5,855.0,126250
2019-06-06,868.75,869.75,872.25,857.75,115535
2019-06-05,869.75,882.0,882.75,868.25,133437
2019-06-04,881.75,891.25,894.5,878.5,146836
2019-06-03,879.0,875.75,886.5,873.5,127513
2019-05-31,877.75,889.0,890.75,876.5,120397
2019-05-30,889.0,871.5,889.5,863.5,138936
2019-05-29,872.0,866.0,892.75,863.5,216536
2019-05-28,856.0,840.0,858.25,837.5,148619
2019-05-24,829.75,821.5,831.5,820.0,94258
2019-05-23,821.5,828.5,834.0,817.0,125848
2019-05-22,828.5,819.5,835.0,819.0,124467
2019-05-21,822.0,842.75,846.5,819.0,188028
2019-05-20,831.75,828.25,838.75,824.75,113522
2019-05-17,821.75,840.75,841.75,820.5,119427
2019-05-16,839.75,834.0,845.0,834.0,106299
2019-05-15,835.5,832.0,848.25,827.0,182209
2019-05-14,817.75,810.0,817.75,810.0,167862
2019-05-13,791.0,790.25,791.0,780.5,369
2019-05-10,797.0,800.25,804.0,795.25,712
2019-05-09,800.25,810.0,810.5,795.25,680
2019-05-08,814.25,819.25,820.25,812.75,1990
2019-05-07,817.75,815.0,821.75,815.0,2555
2019-05-06,817.5,816.5,819.75,804.5,2686
2019-05-03,829.5,830.5,832.75,828.75,3485
2019-05-02,830.5,840.0,840.5,829.75,5556
2019-05-01,839.5,841.0,843.0,831.75,9763
2019-04-30,841.25,848.0,851.0,838.5,11508
2019-04-29,847.5,854.75,859.5,847.25,81581
2019-04-26,853.75,858.5,859.75,852.5,142904
2019-04-25,859.25,854.75,862.75,853.5,124152
2019-04-24,855.25,862.0,865.25,854.5,87642
2019-04-23,862.0,877.0,878.75,860.75,168391
2019-04-22,877.0,881.5,883.25,876.25,80529
2019-04-18,880.5,878.75,882.0,876.5,77262
2019-04-17,879.0,887.75,890.5,878.5,105530
2019-04-16,888.0,898.25,899.0,886.25,115185
2019-04-15,898.75,895.0,902.0,894.75,105410
2019-04-12,895.25,895.0,898.5,893.75,82118
2019-04-11,895.25,901.25,904.0,893.5,98642
2019-04-10,902.0,898.75,903.75,897.25,110699
2019-04-09,898.75,898.25,902.25,894.75,95488
2019-04-08,898.75,899.0,903.5,898.0,113476
2019-04-05,899.0,904.5,904.75,896.25,102769
2019-04-04,906.5,898.25,907.25,897.0,112219
2019-04-03,898.75,899.25,903.0,894.75,63617
2019-04-02,900.0,895.75,901.25,892.5,78593
2019-04-01,895.5,884.0,899.0,883.75,116288
2019-03-29,884.25,888.75,892.75,883.0,96062
2019-03-28,889.5,888.0,891.75,886.5,71399
2019-03-27,887.5,900.25,900.75,886.0,108413
2019-03-26,900.75,905.5,907.5,899.5,64159
2019-03-25,906.5,904.5,908.25,901.5,62221
2019-03-22,903.75,909.75,912.0,903.0,91931
2019-03-21,910.5,906.0,912.0,903.5,79287
2019-03-20,906.0,902.75,906.5,899.25,73221
2019-03-19,904.0,905.5,909.5,900.25,78731
2019-03-18,905.75,910.0,911.5,901.75,68441
2019-03-15,909.25,899.25,911.0,898.25,97847
2019-03-14,889.5,889.5,889.5,889.5,87983
2019-03-13,889.0,882.75,889.25,882.5,215
2019-03-12,884.75,880.5,885.0,880.25,237
2019-03-11,877.75,884.5,884.5,877.75,436
2019-03-08,883.75,891.0,891.5,880.0,1275
2019-03-07,890.75,892.0,893.75,887.0,2606
2019-03-06,889.75,900.5,903.5,889.5,2100
2019-03-05,901.25,904.75,904.75,896.75,3339
2019-03-04,903.25,901.25,912.25,901.25,4165
2019-03-01,899.25,897.25,905.0,888.25,8373
2019-02-28,897.5,903.0,905.25,897.0,13006
2019-02-27,903.5,903.0,910.0,900.75,69356
2019-02-26,903.75,910.0,910.75,899.0,88696
2019-02-25,911.75,918.0,921.0,910.25,108509
2019-02-22,910.25,910.25,914.75,907.5,127436
2019-02-21,911.0,902.75,916.75,900.0,169207
2019-02-20,902.5,902.0,905.0,893.25,132174
2019-02-19,900.75,907.25,911.25,894.75,119260
2019-02-15,907.5,905.25,909.75,901.25,113607
2019-02-14,903.5,915.75,918.25,903.0,111538
2019-02-13,916.5,916.75,920.0,913.75,87709
2019-02-12,917.5,905.5,919.75,905.5,126536
2019-02-11,905.0,914.75,918.75,903.5,124095
2019-02-08,914.5,913.0,918.0,908.0,134648
2019-02-07,913.25,919.5,921.5,910.5,120903
2019-02-06,921.75,920.0,922.5,917.5,98810
2019-02-05,920.25,917.75,921.0,913.5,83109
2019-02-04,918.5,917.0,923.75,915.5,76590
2019-02-01,917.75,921.0,931.25,917.0,168136
2019-01-31,915.25,919.5,926.75,913.25,98081
2019-01-30,921.0,919.0,924.0,917.25,68239
2019-01-29,919.0,921.75,922.25,916.75,86953
2019-01-28,923.25,923.5,925.0,915.75,69622
2019-01-25,925.25,915.75,926.25,913.0,103755
2019-01-24,916.0,915.0,919.5,909.25,85832
2019-01-23,915.0,911.0,918.25,910.5,72124
2019-01-22,909.25,916.5,919.5,899.5,126766
2019-01-18,916.75,908.25,920.25,905.75,112894
2019-01-17,907.75,895.5,912.0,894.25,103132
2019-01-16,894.5,895.5,900.0,891.25,87043
2019-01-15,893.25,904.25,908.0,892.5,107769
2019-01-14,890.75,895.25,895.25,890.75,75988
2019-01-11,899.25,897.25,901.25,897.25,287
2019-01-10,895.5,908.0,911.25,895.0,1094
2019-01-09,911.5,905.5,913.75,905.25,2759
2019-01-08,906.25,911.75,912.5,903.0,3286
2019-01-07,912.25,909.5,915.75,909.5,4350
2019-01-04,909.5,898.25,910.0,898.25,6571
2019-01-03,900.25,893.5,900.75,892.25,5149
2019-01-02,894.75,881.5,897.75,880.75,8393
2018-12-31,882.5,885.5,889.0,879.25,13220
2018-12-28,882.75,870.5,886.25,870.0,46910
2018-12-27,869.0,870.75,876.0,867.0,66899
2018-12-26,870.0,885.0,888.75,869.5,56380
2018-12-24,884.0,883.25,886.5,879.5,30790
2018-12-21,884.75,891.5,894.75,883.25,93658
2018-12-20,893.5,900.0,905.5,892.75,95834
2018-12-19,900.0,907.0,909.75,899.25,115946
2018-12-18,907.75,902.75,912.25,902.75,91101
2018-12-17,904.75,900.75,909.25,900.25,76021
2018-12-14,900.5,907.25,910.0,900.0,93463
2018-12-13,907.0,918.75,920.0,905.25,120802
2018-12-12,920.0,916.0,928.0,915.25,121344
2018-12-11,915.0,907.75,917.25,906.0,114414
2018-12-10,909.75,912.0,916.5,908.5,109608
2018-12-07,916.75,910.0,918.0,907.5,112608
2018-12-06,909.5,911.5,912.25,897.0,127436
2018-12-04,911.75,903.25,913.0,899.5,107528
2018-12-03,905.75,919.75,923.75,904.5,178080
2018-11-30,894.75,887.25,896.5,886.0,97858
2018-11-29,887.25,890.0,894.5,882.5,91228
2018-11-28,890.5,876.25,895.0,874.0,118516
2018-11-27,875.5,862.5,880.0,858.25,98671
2018-11-26,862.25,881.0,883.0,857.0,123317
2018-11-23,881.0,881.25,884.5,880.0,35988
2018-11-21,883.0,882.0,889.0,876.0,68295
2018-11-20,881.0,874.25,885.75,870.5,68069
2018-11-19,873.75,892.0,892.25,871.25,95488
2018-11-16,892.25,889.75,894.75,881.75,76599
2018-11-15,888.75,884.25,897.5,883.75,87077
2018-11-14,870.5,869.25,875.25,869.25,71293
2018-11-13,867.25,871.75,876.25,867.25,2529
2018-11-12,871.75,874.0,874.0,868.25,3178
2018-11-09,875.25,867.0,875.75,863.25,3311
2018-11-08,867.5,867.0,871.25,853.0,3663
2018-11-07,867.75,872.0,873.75,865.0,4552
2018-11-06,872.0,872.25,874.5,866.75,4267
2018-11-05,873.0,877.0,880.0,870.5,7226
2018-11-02,875.25,868.0,888.5,866.5,11996
2018-11-01,869.0,837.0,875.0,832.75,17055
2018-10-31,839.0,832.75,842.25,831.75,18050
2018-10-30,833.5,839.0,842.0,832.25,107969
2018-10-29,839.0,845.0,852.5,837.25,114907
2018-10-26,845.0,842.0,849.25,841.0,120782
2018-10-25,841.75,850.0,851.0,840.0,130130
2018-10-24,850.25,855.75,856.75,850.0,187127
2018-10-23,857.5,857.5,862.75,851.0,107486
2018-10-22,858.5,855.75,863.0,855.5,124570
2018-10-19,856.75,865.25,866.25,856.25,120379
2018-10-18,863.5,882.25,883.75,862.75,125411
2018-10-17,885.75,883.5,889.75,882.0,101638
2018-10-16,884.75,891.25,891.25,879.25,106588
2018-10-15,891.5,867.0,892.0,863.5,150598
2018-10-12,867.5,859.5,868.0,858.5,85795
2018-10-11,858.25,852.0,864.0,847.0,161159
2018-10-10,852.25,863.0,864.75,847.25,135163
2018-10-09,863.0,869.75,872.5,859.25,141122
2018-10-08,869.75,870.0,874.75,862.5,123432
2018-10-05,869.0,860.0,870.25,851.5,167588
2018-10-04,859.25,860.0,868.5,858.5,102929
2018-10-03,861.5,866.0,870.25,860.5,98123
2018-10-02,866.0,856.75,867.25,853.0,117212
2018-10-01,857.75,845.5,864.0,843.0,152163
2018-09-28,845.5,854.25,859.25,842.0,143042
2018-09-27,855.0,848.25,859.0,846.5,76059
2018-09-26,850.0,846.25,854.0,845.75,89464
2018-09-25,845.75,841.25,858.0,837.25,160953
2018-09-24,841.0,844.0,845.25,838.25,74829
2018-09-21,847.25,846.25,849.75,841.25,88697
2018-09-20,850.25,830.0,855.0,825.25,163230
2018-09-19,830.0,813.75,831.75,813.25,80961
2018-09-18,814.0,821.0,825.25,812.25,94047
2018-09-17,823.5,827.5,829.75,821.5,72673
2018-09-14,821.5,821.5,821.5,821.5,70421
2018-09-13,822.75,828.25,831.75,822.75,64
2018-09-12,829.0,820.5,829.0,811.5,644
2018-09-11,820.25,836.75,836.75,820.25,351
2018-09-10,833.5,832.25,838.25,832.25,173
2018-09-07,832.0,826.5,833.25,826.5,402
2018-09-06,826.75,828.25,829.75,824.25,571
2018-09-05,825.5,835.25,835.25,825.5,822
2018-09-04,832.0,832.0,838.75,826.5,1583
2018-08-31,833.0,816.0,833.25,816.0,0
2018-08-30,819.5,823.0,831.5,817.0,16391
2018-08-29,823.25,820.75,830.75,820.0,24291
2018-08-28,820.5,833.25,836.5,820.25,26658
2018-08-27,834.75,838.25,840.0,824.75,29914
2018-08-24,842.0,841.5,848.5,840.75,29279
2018-08-23,842.0,857.5,861.75,842.0,19488
2018-08-22,858.25,873.5,873.75,857.25,21139
2018-08-21,874.5,874.0,883.25,873.5,18546
2018-08-20,881.75,889.75,896.0,880.5,10658
2018-08-17,881.5,884.75,887.5,871.0,19408
2018-08-16,885.5,859.75,888.25,854.5,19406
2018-08-15,857.5,867.75,872.5,856.5,10749
2018-08-14,864.5,858.5,864.5,856.5,16365
2018-08-13,853.5,838.0,853.5,838.0,139
2018-08-10,846.0,886.25,886.25,845.25,304
2018-08-09,887.75,890.5,890.5,887.5,635
2018-08-08,893.75,892.0,895.75,889.75,1415
2018-08-07,889.25,887.75,891.25,883.25,2138
2018-08-06,877.25,880.5,881.0,872.5,1754
2018-08-03,886.25,878.5,886.5,870.5,2608
2018-08-02,882.5,886.75,886.75,875.0,4368
2018-08-01,886.75,898.0,898.0,884.75,11347
2018-07-31,903.75,875.5,906.0,873.25,15115
2018-07-30,875.0,878.5,881.25,871.25,59118
2018-07-27,870.5,858.25,874.0,858.25,47143
2018-07-26,861.25,870.0,881.0,858.25,49688
2018-07-25,860.75,860.0,863.0,852.0,33013
2018-07-24,858.0,844.0,862.75,842.5,39163
2018-07-23,847.75,853.25,854.75,847.25,31905
2018-07-20,849.75,846.0,853.25,841.25,26319
2018-07-19,846.0,842.0,846.75,836.75,26561
2018-07-18,842.25,839.0,847.5,834.75,18546
2018-07-17,839.5,833.25,843.5,830.0,37736
2018-07-16,829.5,818.5,838.0,810.5,28635
2018-07-13,814.0,831.5,831.5,814.0,23846
2018-07-12,830.0,832.75,833.25,826.0,154
2018-07-11,829.75,840.5,842.25,829.5,1166
2018-07-10,852.25,849.0,860.25,847.5,866
2018-07-09,851.75,867.5,867.5,848.25,1258
2018-07-06,874.0,836.0,877.25,836.0,2510
2018-07-05,835.5,843.5,845.0,834.0,3567
2018-07-03,844.0,849.5,852.75,843.0,0
2018-07-02,848.5,860.0,861.25,845.75,5569
2018-06-29,858.5,861.25,876.5,857.5,11057
2018-06-28,861.25,865.25,869.5,859.5,43758
2018-06-27,867.5,868.0,878.0,866.0,87401
2018-06-26,867.25,873.25,881.0,862.5,88854
2018-06-25,874.5,896.5,899.0,871.75,89323
2018-06-22,894.5,879.25,897.5,878.75,128481
2018-06-21,880.5,889.5,891.25,878.25,99476
2018-06-20,889.5,890.75,896.0,877.0,126765
2018-06-19,889.0,905.0,905.75,841.5,196376
2018-06-18,908.5,905.5,914.0,897.25,139697
2018-06-15,905.5,933.75,937.75,903.0,169719
2018-06-14,927.25,933.75,937.75,924.0,118204
2018-06-13,936.0,954.0,958.5,934.25,188399
2018-06-12,954.0,956.5,963.25,952.0,137200
2018-06-11,953.75,966.75,972.25,953.25,136802
2018-06-08,969.25,974.25,976.25,962.5,132153
2018-06-07,974.25,995.0,998.25,973.0,173223
2018-06-06,994.25,1004.5,1008.25,993.75,90708
2018-06-05,1001.25,1002.25,1006.75,997.25,127577
2018-06-04,1001.75,1013.25,1014.5,1001.25,101111
2018-06-01,1021.25,1019.25,1026.5,1015.0,99974
2018-05-31,1018.5,1023.0,1030.75,1013.5,103115
2018-05-30,1023.0,1030.5,1031.75,1014.75,134683
2018-05-29,1030.5,1045.25,1049.5,1028.0,128700
2018-05-25,1041.5,1036.75,1044.0,1035.5,79808
2018-05-24,1035.75,1039.75,1050.75,1035.5,122485
2018-05-23,1039.25,1030.5,1039.75,1027.75,90467
2018-05-22,1030.5,1022.0,1036.0,1020.25,106181
2018-05-21,1025.25,1017.5,1027.0,1011.5,147490
2018-05-18,998.5,995.75,1007.75,992.75,122151
2018-05-17,995.0,1001.0,1007.5,992.5,92145
2018-05-16,999.75,1017.75,1018.5,998.75,100892
2018-05-15,1018.75,1017.25,1025.25,1005.25,115400
2018-05-14,1013.0,1007.25,1013.5,1007.25,131052
2018-05-11,994.75,1008.75,1008.75,993.25,103
2018-05-10,1013.25,1008.0,1018.0,1007.25,389
2018-05-09,1007.25,1011.25,1011.75,1002.25,712
2018-05-08,1011.25,1004.25,1011.75,1002.25,784
2018-05-07,1002.25,1025.0,1025.0,1001.25,1657
2018-05-04,1027.25,1038.5,1039.0,1027.0,1314
2018-05-03,1043.25,1032.75,1043.25,1024.75,3158
2018-05-02,1032.75,1041.25,1041.25,1029.25,5489
2018-05-01,1042.5,1038.75,1044.0,1031.25,6794
2018-04-30,1037.75,1046.25,1056.5,1036.75,10337
2018-04-27,1045.0,1028.5,1046.75,1019.0,64971
2018-04-26,1028.0,1027.25,1034.5,1024.0,79917
2018-04-25,1027.5,1022.25,1033.25,1020.5,68707
2018-04-24,1022.25,1020.75,1026.25,1016.25,90059
2018-04-23,1020.75,1027.5,1033.25,1017.25,72696
2018-04-20,1028.75,1037.0,1038.5,1027.75,74206
2018-04-19,1037.25,1041.75,1044.75,1032.75,95799
2018-04-18,1041.75,1046.25,1052.5,1039.0,94271
2018-04-17,1046.0,1043.25,1049.25,1040.0,81326
2018-04-16,1042.0,1054.25,1058.75,1041.5,101597
2018-04-13,1054.25,1060.25,1067.25,1051.5,118735
2018-04-12,1060.75,1047.75,1061.75,1047.25,186951
2018-04-11,1047.75,1050.75,1058.75,1047.25,121591
2018-04-10,1050.0,1045.5,1064.0,1045.0,171444
2018-04-09,1047.0,1038.25,1056.75,1037.5,171846
2018-04-06,1033.75,1003.0,1037.25,1003.0,164385
2018-04-05,1031.25,1015.5,1034.0,1011.75,219539
2018-04-04,1015.25,1038.75,1041.75,983.5,352462
2018-04-03,1038.0,1036.25,1048.75,1035.75,135404
2018-04-02,1035.5,1045.25,1060.5,1035.25,108570
2018-03-29,1044.75,1019.5,1050.75,1012.5,177841
2018-03-28,1018.0,1019.5,1023.25,1015.0,104492
2018-03-27,1019.5,1027.0,1031.25,1017.25,98041
2018-03-26,1025.5,1026.25,1040.25,1025.0,100548
2018-03-23,1028.25,1026.5,1034.25,1009.25,164881
2018-03-22,1029.75,1032.0,1035.5,1022.25,99281
2018-03-21,1029.75,1029.5,1037.25,1024.75,101951
2018-03-20,1028.25,1022.25,1029.75,1022.25,78890
2018-03-19,1022.5,1045.25,1045.5,1021.75,131023
2018-03-16,1049.5,1042.0,1050.0,1040.75,78281
2018-03-15,1040.75,1031.0,1046.25,1027.0,123213
2018-03-14,1028.5,1042.25,1042.75,1028.5,148683
2018-03-13,1040.5,1035.5,1043.25,1035.5,249
2018-03-12,1033.25,1023.0,1034.25,1023.0,1590
2018-03-09,1029.25,1049.75,1049.75,1029.25,390
2018-03-08,1053.75,1052.5,1057.25,1047.0,493
2018-03-07,1055.0,1058.0,1063.0,1054.5,2360
2018-03-06,1064.5,1066.0,1067.0,1060.75,2839
2018-03-05,1066.75,1063.5,1068.0,1056.75,3045
2018-03-02,1060.75,1057.0,1071.0,1053.5,5525
2018-03-01,1057.5,1043.75,1057.5,1041.0,7733
2018-02-28,1045.0,1037.75,1048.0,1035.0,14916
2018-02-27,1038.0,1034.0,1044.25,1031.75,78531
2018-02-26,1034.25,1039.5,1047.75,1034.0,136487
2018-02-23,1036.25,1031.0,1039.5,1028.0,108212
2018-02-22,1032.0,1034.0,1037.0,1027.25,108212
2018-02-21,1034.25,1027.75,1038.25,1019.25,133023
2018-02-20,1026.5,1031.5,1039.0,1024.5,193966
2018-02-16,1021.5,1023.5,1028.25,1012.0,146731
2018-02-15,1024.25,1016.5,1024.75,1015.5,158344
2018-02-14,1017.25,1011.25,1019.5,1006.0,154450
2018-02-13,1011.75,1001.0,1013.5,998.75,177145
2018-02-12,1001.75,995.5,1004.25,989.0,215178
2018-02-09,983.0,987.5,989.75,979.75,164565
2018-02-08,987.75,983.25,996.0,977.75,230204
2018-02-07,983.0,988.75,993.75,982.0,167291
2018-02-06,986.25,969.75,987.5,967.75,179233
2018-02-05,969.75,976.25,977.5,969.5,128425
2018-02-02,978.75,985.75,986.25,977.0,100314
2018-02-01,985.0,995.25,995.5,977.5,159220
2018-01-31,995.75,1000.0,1002.0,989.0,165828
2018-01-30,1000.25,994.5,1004.75,988.25,169083
2018-01-29,991.5,992.25,998.75,986.25,143395
2018-01-26,985.5,990.25,995.5,983.75,110339
2018-01-25,992.25,992.0,1002.0,987.0,154146
2018-01-24,992.25,985.75,994.75,980.25,139169
2018-01-23,986.25,983.0,988.75,979.5,107959
2018-01-22,984.25,980.5,987.25,980.0,124262
2018-01-19,977.25,972.5,982.75,972.0,105770
2018-01-18,973.0,968.75,974.75,966.5,74574
2018-01-17,968.75,966.25,969.25,961.25,91701
2018-01-16,968.0,965.0,970.0,963.25,97797
2018-01-12,944.0,940.25,944.0,937.25,149724
2018-01-11,940.5,946.0,948.25,940.0,204
2018-01-10,947.0,953.25,954.0,944.5,574
2018-01-09,955.75,958.75,959.25,953.5,580
2018-01-08,958.25,960.75,962.25,951.5,988
2018-01-05,961.5,960.0,966.5,960.0,1278
2018-01-04,959.25,959.25,960.0,950.25,2133
2018-01-03,959.75,956.25,960.5,955.0,2582
2018-01-02,955.0,956.5,960.0,949.5,2900
2017-12-29,951.75,945.0,953.25,944.25,11423
2017-12-28,945.75,955.0,955.75,943.25,68163
2017-12-27,955.5,958.75,964.75,953.5,79032
2017-12-26,959.25,952.25,963.0,952.25,57390
2017-12-22,949.5,948.0,952.0,946.5,47530
2017-12-21,948.75,953.5,956.75,947.5,111244
2017-12-20,954.0,955.75,960.0,952.75,133019
2017-12-19,956.0,962.25,964.0,955.0,104929
2017-12-18,961.5,970.5,970.5,957.25,114985
2017-12-15,967.25,968.0,972.25,964.0,119812
2017-12-14,967.75,979.5,981.0,966.5,125196
2017-12-13,979.25,976.0,981.5,976.0,106371
2017-12-12,975.75,981.75,986.25,975.0,161910
2017-12-11,982.5,989.0,989.0,981.5,139320
2017-12-08,989.75,991.75,996.5,986.0,129075
2017-12-07,992.0,1003.5,1006.5,988.25,162921
2017-12-06,1002.75,1008.0,1014.25,995.0,194108
2017-12-05,1008.5,998.5,1015.0,997.5,157924
2017-12-04,998.5,998.25,1008.5,996.75,165467
2017-12-01,994.25,985.75,995.75,985.5,136840
2017-11-30,985.75,992.75,993.0,985.0,121206
2017-11-29,992.5,993.25,996.5,989.25,84307
2017-11-28,993.0,996.0,996.0,987.5,96755
2017-11-27,996.0,993.75,1001.5,990.5,133815
2017-11-24,993.25,995.0,999.75,991.0,60329
2017-11-22,997.25,988.5,999.5,987.5,53761
2017-11-21,989.0,990.0,991.25,986.25,75304
2017-11-20,990.0,990.0,992.0,983.0,95756
2017-11-17,990.5,972.75,992.0,971.5,124540
2017-11-16,972.0,976.5,978.25,970.25,90050
2017-11-15,976.25,969.0,978.0,968.0,98303
2017-11-14,959.0,966.0,967.25,958.5,101927
2017-11-13,963.5,977.25,978.0,963.25,1164
2017-11-10,977.25,976.75,981.25,974.5,1163
2017-11-09,975.25,988.0,994.5,974.0,3173
2017-11-08,988.0,985.25,988.75,984.25,3182
2017-11-07,986.0,986.0,988.25,981.75,3775
2017-11-06,984.0,977.25,985.5,975.25,2450
2017-11-03,977.0,988.25,988.5,976.0,5268
2017-11-02,989.0,979.5,989.5,979.5,9600
2017-11-01,981.0,974.5,984.5,973.75,12626
2017-10-31,973.75,972.75,977.5,971.0,22828
2017-10-30,972.75,975.25,981.5,971.25,129929
2017-10-27,975.25,971.0,976.5,969.75,176451
2017-10-26,971.25,975.5,978.75,970.25,147355
2017-10-25,975.5,975.75,983.25,975.25,165668
2017-10-24,975.5,980.0,983.0,972.75,136868
2017-10-23,980.75,977.0,982.75,975.0,170989
2017-10-20,978.75,985.25,994.25,978.0,180890
2017-10-19,986.5,983.75,989.0,983.0,141515
2017-10-18,984.25,984.75,988.5,981.75,110266
2017-10-17,984.75,990.0,990.5,982.5,134302
2017-10-16,991.0,998.0,999.0,990.25,165302
2017-10-13,1000.25,991.0,1003.25,990.25,225131
2017-10-12,992.0,965.0,997.75,959.0,293877
2017-10-11,965.25,965.5,967.5,963.5,152000
2017-10-10,966.0,966.25,975.75,964.25,136485
2017-10-09,966.75,974.5,977.0,965.25,137150
2017-10-06,972.25,968.0,973.75,963.5,119722
2017-10-05,968.25,958.25,971.0,957.75,149317
2017-10-04,958.25,955.25,961.75,952.75,95416
2017-10-03,955.25,956.75,961.25,952.5,94821
2017-10-02,957.25,967.5,968.0,956.25,114376
2017-09-29,968.25,959.25,976.0,955.25,171916
2017-09-28,959.5,965.25,966.0,957.5,108641
2017-09-27,965.5,963.5,968.5,958.0,113888
2017-09-26,963.5,971.25,974.25,962.5,146295
2017-09-25,971.25,983.5,985.75,971.0,128038
2017-09-22,984.25,970.0,987.0,969.0,170900
2017-09-21,970.75,969.5,973.0,963.0,115371
2017-09-20,970.0,966.0,974.0,964.75,88348
2017-09-19,965.5,968.5,971.75,958.5,111414
2017-09-18,967.75,966.25,976.5,966.0,102033
2017-09-15,968.75,975.5,977.75,967.25,109445
2017-09-14,967.25,967.5,969.0,967.25,138275
2017-09-13,953.0,949.0,953.0,944.0,18
2017-09-12,944.25,955.25,955.25,937.5,52
2017-09-11,954.75,955.0,955.5,952.0,51
2017-09-08,956.5,966.75,968.0,956.25,152
2017-09-07,963.25,963.0,970.0,959.25,330
2017-09-06,964.5,960.5,968.25,960.0,910
2017-09-05,960.5,945.0,965.0,945.0,1399
2017-09-01,942.0,937.25,943.25,935.5,1686
2017-08-31,936.25,923.5,939.75,923.5,4217
2017-08-30,923.0,929.75,933.75,921.75,20326
2017-08-29,930.75,934.5,937.25,929.5,18217
2017-08-28,935.25,936.0,944.0,932.5,21286
2017-08-25,939.0,939.5,941.75,937.25,21628
2017-08-24,941.25,934.0,942.75,932.25,21364
2017-08-23,935.0,940.25,943.25,929.0,22119
2017-08-22,933.75,931.25,938.5,927.75,17264
2017-08-21,932.5,935.25,936.0,930.25,14643
2017-08-18,937.5,929.75,939.0,927.75,21323
2017-08-17,930.25,924.0,931.75,922.0,19581
2017-08-16,921.75,921.25,925.25,917.25,17676
2017-08-15,921.75,932.75,934.25,920.25,27865
2017-08-14,925.5,926.5,926.5,925.0,17141
2017-08-11,935.5,934.0,935.75,931.25,109
2017-08-10,930.75,963.75,974.75,930.75,60
2017-08-09,963.0,964.0,965.25,958.0,190
2017-08-08,963.0,967.0,967.5,962.5,480
2017-08-07,959.75,956.0,960.5,952.5,755
2017-08-04,949.25,948.0,954.0,948.0,2095
2017-08-03,950.5,965.5,965.5,945.5,1734
2017-08-02,966.5,960.75,968.25,960.0,3217
2017-08-01,959.5,985.25,986.75,958.25,6446
2017-07-31,994.5,991.5,996.5,982.5,13530
2017-07-28,1000.75,992.75,1007.5,989.75,36039
2017-07-27,994.75,991.75,1000.75,987.5,47804
2017-07-26,988.75,980.0,991.0,973.25,39673
2017-07-25,981.5,1012.0,1022.75,981.0,60667
2017-07-24,997.5,1000.25,1000.5,985.75,48981
2017-07-21,1009.0,1011.25,1013.25,1001.75,43742
2017-07-20,1013.25,999.0,1017.25,995.0,38660
2017-07-19,999.75,990.25,1004.75,984.5,35118
2017-07-18,989.5,997.25,1004.25,985.75,36919
2017-07-17,985.0,989.0,995.0,981.75,30306
2017-07-14,985.25,978.0,987.0,978.0,37218
2017-07-13,972.5,997.0,997.0,972.5,289
2017-07-12,1016.75,1023.0,1024.25,1010.75,382
2017-07-11,1025.25,1027.75,1027.75,1010.5,647
2017-07-10,1020.25,1001.0,1024.5,1001.0,1019
2017-07-07,996.0,979.0,997.5,979.0,1409
2017-07-06,980.75,979.0,980.75,970.0,2199
2017-07-05,976.25,971.75,981.0,964.0,4435
2017-07-03,964.75,949.5,976.0,949.5,4575
2017-06-30,942.25,915.0,945.5,912.25,12776
2017-06-29,915.5,914.25,927.75,914.25,66183
2017-06-28,914.0,910.5,917.5,910.5,106115
2017-06-27,911.25,909.0,918.0,909.0,89490
2017-06-26,906.75,904.0,912.25,903.75,83976
2017-06-23,904.5,906.5,909.0,900.25,142320
2017-06-22,904.0,919.25,920.5,903.0,137676
2017-06-21,918.75,928.0,932.5,917.0,116464
2017-06-20,927.75,937.25,940.75,926.0,116399
2017-06-19,937.75,936.5,947.5,933.75,95604
2017-06-16,939.0,935.75,942.25,932.0,95007
2017-06-15,934.75,931.75,938.5,925.5,105034
2017-06-14,931.75,932.0,939.0,931.0,88734
2017-06-13,932.5,933.75,941.5,931.75,122202
2017-06-12,931.25,942.0,943.25,930.25,115351
2017-06-09,941.5,937.0,944.0,932.75,136983
2017-06-08,938.0,931.0,944.75,930.75,137587
2017-06-07,930.75,924.5,934.5,924.5,143611
2017-06-06,923.5,921.0,934.25,920.0,122797
2017-06-05,922.0,924.5,926.5,917.75,98539
2017-06-02,921.25,912.25,924.0,910.75,86248
2017-06-01,912.25,916.0,920.75,911.5,78635
2017-05-31,916.0,915.25,920.5,909.5,130785
2017-05-30,912.75,926.0,928.5,910.5,134220
2017-05-26,926.5,939.5,941.0,925.25,107952
2017-05-25,939.5,947.75,952.25,938.25,94347
2017-05-24,948.25,948.5,952.0,943.0,90335
2017-05-23,948.25,956.25,959.25,947.0,91457
2017-05-22,956.5,953.0,961.0,953.0,82508
2017-05-19,953.0,945.5,956.25,944.5,101723
2017-05-18,944.75,972.5,972.5,942.75,250660
2017-05-17,975.75,975.5,980.5,973.5,81966
2017-05-16,976.25,964.75,977.25,964.0,94232
2017-05-15,965.25,962.5,973.0,962.0,77844
2017-05-12,954.0,953.5,954.0,953.5,64617
2017-05-11,956.0,962.5,965.0,955.0,489
2017-05-10,961.75,965.25,980.0,958.5,167
2017-05-09,965.25,956.25,968.0,956.25,449
2017-05-08,956.25,962.5,962.5,954.5,1055
2017-05-05,963.0,965.5,973.5,960.0,1231
2017-05-04,965.25,965.25,970.5,961.75,1604
2017-05-03,965.5,959.5,966.0,959.0,3728
2017-05-02,958.0,958.5,967.75,955.0,6949
2017-05-01,959.0,950.0,963.0,950.0,6794
2017-04-28,945.25,945.0,947.0,941.5,13917
2017-04-27,945.75,944.5,950.5,943.5,59309
2017-04-26,945.75,955.0,958.0,944.5,107831
2017-04-25,954.5,959.0,961.0,954.0,84731
2017-04-24,961.25,951.5,962.25,951.5,99172
2017-04-21,951.0,946.0,952.75,944.75,130802
2017-04-20,946.75,950.0,955.75,946.0,115885
2017-04-19,950.25,947.0,954.5,942.75,105926
2017-04-18,946.0,952.5,955.0,939.75,154742
2017-04-17,953.25,958.75,962.0,951.5,106836
2017-04-13,955.5,947.25,959.5,946.75,128013
2017-04-12,947.75,942.25,951.5,941.25,119407
2017-04-11,939.25,941.75,945.0,929.75,136337
2017-04-10,941.75,944.25,949.0,939.25,87487
2017-04-07,942.0,938.5,945.5,937.5,99239
2017-04-06,941.5,944.0,946.5,938.5,84594
2017-04-05,944.25,937.5,948.5,937.25,146303
2017-04-04,937.75,939.25,942.75,936.5,120200
2017-04-03,938.25,946.25,949.25,937.25,94599
2017-03-31,946.0,961.75,966.5,944.25,182739
2017-03-30,963.0,969.5,970.0,961.0,77471
2017-03-29,969.0,970.5,976.0,967.25,95072
2017-03-28,972.0,971.25,976.5,970.0,92837
2017-03-27,971.5,976.0,978.5,968.25,91218
2017-03-24,975.75,990.5,991.0,972.25,116483
2017-03-23,991.0,999.25,1002.0,990.25,94685
2017-03-22,999.75,1001.0,1003.25,994.0,82164
2017-03-21,1001.5,1000.0,1008.0,995.0,103325
2017-03-20,999.5,1003.75,1008.75,998.25,82382
2017-03-17,1000.0,1001.5,1004.5,994.25,61551
2017-03-16,1001.5,1000.0,1006.5,995.75,83777
2017-03-15,998.0,998.75,1007.75,995.25,75422
2017-03-14,987.25,996.5,996.5,983.0,112349
2017-03-13,996.25,996.25,1000.0,995.5,984
2017-03-10,996.25,999.5,1001.75,992.75,970
2017-03-09,1000.25,1009.0,1009.0,995.75,4953
2017-03-08,1011.0,1014.0,1014.75,1008.0,5319
2017-03-07,1014.75,1026.75,1027.0,1012.0,3547
2017-03-06,1026.75,1027.5,1036.25,1026.0,4623
2017-03-03,1027.0,1027.5,1030.25,1019.5,4968
2017-03-02,1026.75,1039.75,1040.25,1022.0,6067
2017-03-01,1041.25,1025.25,1041.5,1025.0,7430
2017-02-28,1025.0,1013.0,1045.0,1012.5,17713
2017-02-27,1011.0,1015.5,1018.5,1006.0,62578
2017-02-24,1013.5,1012.25,1016.25,1009.25,92509
2017-02-23,1011.5,1023.0,1027.0,1010.0,148623
2017-02-22,1022.75,1027.25,1031.75,1022.25,96385
2017-02-21,1026.25,1033.25,1044.5,1026.0,143010
2017-02-17,1032.5,1043.0,1046.25,1031.0,142009
2017-02-16,1043.75,1060.25,1062.75,1042.25,130043
2017-02-15,1061.25,1045.25,1061.5,1040.25,128043
2017-02-14,1045.0,1055.0,1056.0,1042.5,118663
2017-02-13,1054.25,1059.25,1061.75,1050.5,174155
2017-02-10,1059.0,1050.0,1063.5,1047.5,133684
2017-02-09,1050.5,1057.0,1061.5,1045.0,141506
2017-02-08,1058.75,1041.75,1059.75,1040.0,166533
2017-02-07,1042.75,1038.25,1043.25,1032.0,131436
2017-02-06,1036.0,1027.0,1042.5,1026.25,119985
2017-02-03,1027.0,1036.75,1044.25,1026.25,105988
2017-02-02,1037.25,1037.25,1041.75,1031.25,101520
2017-02-01,1036.75,1024.5,1037.5,1017.0,107158
2017-01-31,1024.5,1023.0,1026.5,1019.5,83518
2017-01-30,1022.75,1044.0,1044.25,1019.25,126814
2017-01-27,1049.25,1047.0,1052.0,1043.25,68283
2017-01-26,1049.5,1055.5,1058.5,1045.5,91972
2017-01-25,1055.25,1057.0,1060.0,1050.0,83009
2017-01-24,1058.5,1059.75,1068.0,1051.25,95242
2017-01-23,1057.75,1067.5,1069.75,1055.25,92566
2017-01-20,1067.5,1070.0,1071.25,1060.0,112856
2017-01-19,1070.25,1073.0,1077.25,1066.75,108397
2017-01-18,1075.0,1068.0,1080.0,1062.5,144024
2017-01-17,1069.25,1054.0,1075.5,1052.0,201105
2017-01-13,1042.5,1029.5,1043.0,1025.5,145461
2017-01-12,1032.0,1002.75,1033.0,998.5,813
2017-01-11,1003.0,1004.5,1004.5,993.0,1835
2017-01-10,1005.5,993.75,1005.75,990.0,2449
2017-01-09,996.5,986.25,996.75,986.0,2857
2017-01-06,986.0,1003.5,1003.5,985.0,3350
2017-01-05,1003.5,1005.5,1006.0,998.25,2991
2017-01-04,1006.25,986.0,1006.5,984.0,6191
2017-01-03,986.75,996.0,1002.75,986.5,6581
2016-12-30,996.5,1003.5,1010.5,995.0,13373
2016-12-29,1003.25,1006.5,1014.0,1002.0,46236
2016-12-28,1006.75,1014.0,1018.75,1001.5,54617
2016-12-27,1014.75,989.75,1015.25,989.25,82741
2016-12-23,989.0,994.25,996.75,987.75,67094
2016-12-22,994.5,1007.75,1008.75,993.5,108937
2016-12-21,1006.75,1005.25,1012.25,1005.0,80135
2016-12-20,1005.25,1021.25,1024.0,1004.0,124535
2016-12-19,1021.5,1034.0,1039.0,1020.5,136168
2016-12-16,1036.75,1029.25,1038.0,1023.0,95865
2016-12-15,1029.0,1023.5,1038.5,1018.5,147570
2016-12-14,1023.75,1027.25,1029.25,1020.75,128094
2016-12-13,1028.0,1031.25,1038.75,1025.25,132890
2016-12-12,1031.0,1041.75,1047.5,1026.5,145111
2016-12-09,1037.5,1026.0,1039.5,1021.5,136393
2016-12-08,1027.0,1049.0,1049.0,1023.5,171728
2016-12-07,1049.0,1047.0,1053.0,1039.75,127733
2016-12-06,1047.75,1042.5,1061.75,1039.0,135200
2016-12-05,1043.5,1030.5,1049.75,1027.75,125624
2016-12-02,1027.5,1033.0,1037.75,1026.5,84039
2016-12-01,1029.75,1033.5,1040.0,1022.25,128533
2016-11-30,1032.25,1043.0,1052.75,1031.25,133965
2016-11-29,1042.5,1055.0,1058.75,1039.25,126698
2016-11-28,1056.0,1043.25,1065.0,1042.5,161412
2016-11-25,1046.0,1032.0,1046.75,1029.5,76517
2016-11-23,1034.25,1030.25,1035.75,1017.25,136725
2016-11-22,1030.0,1020.0,1033.25,1015.25,131446
2016-11-21,1020.25,995.5,1021.5,995.5,150570
2016-11-18,993.75,989.0,996.5,982.25,75940
2016-11-17,989.5,985.25,993.75,981.0,87755
2016-11-16,985.75,993.25,997.75,982.75,94098
2016-11-15,989.5,985.5,992.75,978.75,86739
2016-11-14,971.0,980.75,982.25,968.0,101692
2016-11-10,989.0,982.25,1007.75,982.0,2172
2016-11-09,982.0,1000.0,1007.0,975.5,3399
2016-11-08,1001.75,989.5,1011.25,989.0,3434
2016-11-07,989.25,981.75,992.0,981.75,4549
2016-11-04,981.5,980.5,985.5,975.0,4407
2016-11-03,979.75,976.5,984.5,976.5,4007
2016-11-02,976.75,983.0,986.25,973.5,8873
2016-11-01,984.25,1002.0,1005.25,983.0,11397
2016-10-31,1002.25,1002.0,1008.0,996.25,18438
2016-10-28,1001.25,1013.0,1017.5,999.5,75224
2016-10-27,1014.25,1008.5,1020.0,1002.75,101226
2016-10-26,1010.0,990.25,1011.0,988.75,149629
2016-10-25,990.75,991.25,997.0,981.25,176985
2016-10-24,992.0,982.75,999.75,980.0,177604
2016-10-21,983.0,976.25,984.25,974.5,140150
2016-10-20,975.5,981.25,989.75,973.25,136370
2016-10-19,981.5,972.0,982.75,971.0,133115
2016-10-18,972.5,977.5,987.0,971.5,178280
2016-10-17,978.25,961.75,979.0,961.0,158663
2016-10-14,962.5,955.5,974.25,952.0,186056
2016-10-13,956.25,946.0,959.5,937.25,178127
2016-10-12,945.5,953.0,971.25,943.25,233145
2016-10-11,954.25,953.5,960.75,951.5,147788
2016-10-07,956.75,958.75,973.25,955.25,173884
2016-10-06,958.5,956.0,959.75,947.25,114537
2016-10-05,956.75,963.5,967.5,950.5,139606
2016-10-04,963.5,970.75,972.0,960.25,123524
2016-10-03,973.0,952.5,975.0,946.5,139848
2016-09-30,954.0,950.0,958.5,943.0,155973
2016-09-29,950.25,947.0,957.25,946.0,101651
2016-09-28,945.5,951.75,955.75,944.5,114901
2016-09-27,952.5,946.75,953.5,934.0,153261
2016-09-26,945.25,951.5,960.25,943.75,114173
2016-09-23,955.0,975.0,976.25,952.5,138512
2016-09-22,976.5,975.0,983.5,970.25,90697
2016-09-21,975.5,988.25,990.25,971.5,104727
2016-09-20,989.75,973.5,994.0,970.75,116064
2016-09-19,972.5,970.5,981.25,966.25,96833
2016-09-16,966.0,949.0,969.0,945.75,102819
2016-09-15,950.5,943.0,953.0,941.25,76306
2016-09-14,972.0,971.75,972.0,967.75,99458
2016-09-13,968.25,982.5,982.5,968.25,256
2016-09-12,984.5,990.25,1006.75,980.0,385
2016-09-09,997.25,989.5,999.75,988.5,942
2016-09-08,992.0,994.5,999.25,987.75,592
2016-09-07,991.75,980.5,993.5,980.5,900
2016-09-06,974.25,969.0,978.0,965.5,1159
2016-09-02,968.5,960.0,971.0,960.0,639
2016-09-01,959.0,960.25,965.0,954.0,809
2016-08-31,960.0,966.5,970.5,956.0,3145
2016-08-30,965.5,984.0,986.0,960.5,11672
2016-08-29,983.25,991.75,998.25,981.5,13450
2016-08-26,990.75,996.5,1002.25,982.5,17878
2016-08-25,998.25,1029.75,1029.75,997.0,27147
2016-08-24,1030.75,1033.5,1036.0,1022.0,13884
2016-08-23,1034.25,1030.5,1036.75,1026.5,8486
2016-08-22,1035.25,1025.5,1041.25,1023.0,9720
2016-08-19,1027.0,1032.5,1035.0,1017.0,11596
2016-08-18,1032.25,1037.0,1037.0,1012.0,13690
2016-08-17,1030.5,1020.75,1031.0,1016.0,12925
2016-08-16,1019.5,1022.25,1028.5,1012.25,14832
2016-08-15,1023.75,998.5,1026.5,997.0,14535
2016-08-12,1003.25,1023.5,1023.5,994.5,18362
2016-08-11,1022.25,1022.25,1028.0,1017.5,1327
2016-08-10,1017.0,1027.0,1030.5,1008.0,1843
2016-08-09,1022.0,1018.0,1032.0,1011.5,865
2016-08-08,1018.75,1012.5,1018.75,1006.25,1472
2016-08-05,1003.75,990.5,1012.0,990.5,1775
2016-08-04,990.5,990.0,1000.25,985.25,1591
2016-08-03,990.5,987.0,1000.5,985.75,4121
2016-08-02,985.25,994.25,998.5,976.0,5283
2016-08-01,996.0,1024.5,1030.75,992.0,4443
2016-07-29,1032.5,1005.25,1034.25,996.25,12802
2016-07-28,1003.5,1012.5,1022.0,998.0,33849
2016-07-27,1010.5,994.0,1015.5,991.25,45394
2016-07-26,993.5,984.0,1002.75,980.5,40125
2016-07-25,983.75,998.25,1010.5,981.75,40930
2016-07-22,1006.5,1034.25,1037.0,985.0,52620
2016-07-21,1032.5,1026.0,1042.5,1023.75,26545
2016-07-20,1027.0,1047.0,1056.25,1025.0,32485
2016-07-19,1044.0,1076.5,1079.0,1041.0,45502
2016-07-18,1078.25,1062.0,1082.25,1050.25,50729
2016-07-15,1072.5,1083.0,1097.5,1057.0,32322
2016-07-14,1111.5,1133.5,1143.5,1111.5,38236
2016-07-13,1128.0,1112.25,1140.0,1112.25,404
2016-07-12,1107.25,1080.0,1107.25,1080.0,757
2016-07-11,1082.75,1105.0,1105.0,1081.75,1344
2016-07-08,1089.75,1054.0,1090.75,1053.5,1670
2016-07-07,1054.25,1111.25,1111.75,1054.25,1133
2016-07-06,1106.25,1115.0,1117.75,1070.0,3075
2016-07-05,1117.0,1150.25,1150.25,1110.0,2887
2016-07-01,1168.75,1175.0,1176.5,1164.75,6745
2016-06-30,1175.0,1145.0,1182.0,1122.0,17579
2016-06-29,1144.5,1148.25,1155.75,1140.0,33419
2016-06-28,1150.5,1130.5,1165.5,1128.25,48614
2016-06-27,1133.0,1104.25,1138.5,1103.0,52415
2016-06-24,1103.0,1124.75,1132.0,1099.25,87656
2016-06-23,1124.5,1139.0,1143.0,1123.0,83315
2016-06-22,1137.5,1131.5,1147.0,1126.0,98340
2016-06-21,1133.25,1145.0,1151.75,1128.75,96099
2016-06-20,1143.5,1153.5,1156.75,1140.25,57507
2016-06-17,1159.5,1133.75,1160.0,1132.5,88085
2016-06-16,1134.5,1155.5,1160.0,1128.5,104442
2016-06-15,1156.0,1171.25,1178.0,1154.5,103310
2016-06-14,1169.5,1168.0,1176.5,1152.75,128076
2016-06-13,1169.0,1191.75,1198.75,1167.25,150246
2016-06-10,1178.25,1174.5,1208.5,1168.75,204412
2016-06-09,1176.0,1177.0,1185.0,1166.25,146291
2016-06-08,1177.75,1140.25,1189.25,1138.0,194856
2016-06-07,1141.25,1136.75,1148.75,1129.0,159669
2016-06-06,1138.25,1143.25,1162.0,1136.0,131250
2016-06-03,1132.0,1142.0,1169.0,1127.25,188388
2016-06-02,1144.25,1101.25,1146.0,1100.75,233772
2016-06-01,1099.75,1078.75,1102.5,1068.0,158403
2016-05-31,1078.5,1086.0,1096.0,1077.0,115268
2016-05-27,1086.5,1079.0,1090.75,1071.75,123316
2016-05-26,1079.75,1084.75,1098.0,1073.25,153388
2016-05-25,1085.5,1056.75,1088.0,1054.75,153001
2016-05-24,1054.75,1057.5,1069.75,1043.5,143916
2016-05-23,1058.5,1074.25,1079.0,1052.0,138858
2016-05-20,1074.25,1071.75,1087.5,1063.25,207878
2016-05-19,1071.5,1073.75,1074.75,1051.0,159865
2016-05-18,1075.25,1079.5,1088.0,1063.75,143649
2016-05-17,1080.25,1063.75,1086.75,1062.75,134099
2016-05-16,1064.5,1063.0,1071.75,1055.0,99920
2016-05-13,1055.0,1056.5,1059.75,1052.0,113596
2016-05-12,1064.5,1070.0,1080.5,1055.75,550
2016-05-11,1069.75,1072.25,1082.25,1065.5,648
2016-05-10,1076.0,1018.5,1082.0,1018.5,1003
2016-05-09,1018.75,1031.25,1032.0,1012.0,698
2016-05-06,1026.25,1002.0,1030.0,1000.0,1539
2016-05-05,1003.5,1027.25,1035.5,1003.5,2663
2016-05-04,1024.5,1017.0,1036.0,1012.75,6322
2016-05-03,1021.5,1035.0,1047.5,1015.0,5036
2016-05-02,1035.5,1021.5,1036.25,1012.25,7457
2016-04-29,1021.0,1015.25,1029.0,1009.0,15257
2016-04-28,1018.0,1015.5,1036.75,1008.5,44049
2016-04-27,1019.0,1017.0,1020.0,1002.0,57506
2016-04-26,1017.75,999.25,1018.75,991.75,88136
2016-04-25,999.75,985.0,1020.0,977.25,73925
2016-04-22,987.0,1016.75,1017.25,979.0,110533
2016-04-21,1018.75,1007.75,1034.75,1002.5,134189
2016-04-20,1009.75,981.5,1012.25,975.75,222893
2016-04-19,985.5,954.25,987.0,953.0,213324
2016-04-18,954.25,955.0,964.25,949.75,151588
2016-04-15,956.0,947.5,958.25,946.5,167980
2016-04-14,948.0,955.25,959.5,945.5,178212
2016-04-13,955.75,938.0,957.75,937.25,249399
2016-04-12,936.25,927.5,938.75,924.75,220988
2016-04-11,928.25,916.25,929.5,915.5,182496
2016-04-08,916.75,905.25,917.0,903.0,157543
2016-04-07,904.5,908.0,909.75,903.5,133446
2016-04-06,908.0,904.25,909.75,901.0,119318
2016-04-05,904.75,911.5,916.5,904.0,124866
2016-04-04,913.5,918.5,922.25,912.75,104289
2016-04-01,918.25,909.25,920.0,908.25,126750
2016-03-31,910.75,908.5,914.0,896.0,216652
2016-03-30,909.0,915.25,917.0,908.25,126146
2016-03-29,916.0,908.25,917.0,907.0,127052
2016-03-28,909.0,911.0,914.75,906.25,91130
2016-03-24,910.5,905.25,911.75,902.0,118016
2016-03-23,905.25,909.5,912.5,901.5,119595
2016-03-22,910.25,901.5,914.0,900.0,181690
2016-03-21,902.0,895.0,905.0,892.25,109825
2016-03-18,897.5,897.0,904.75,896.0,80428
2016-03-17,897.75,895.0,904.5,893.5,148891
2016-03-16,894.5,891.5,894.75,886.0,94822
2016-03-15,892.0,894.75,895.5,888.5,101683
2016-03-14,888.0,889.0,890.0,888.0,98258
2016-03-11,888.0,882.75,888.75,882.75,135
2016-03-10,881.75,880.0,882.5,875.5,313
2016-03-09,880.0,880.0,882.5,877.5,398
2016-03-08,877.5,872.0,877.5,870.75,787
2016-03-07,873.5,875.0,879.75,873.0,1293
2016-03-04,870.5,860.5,871.75,860.5,6143
2016-03-03,856.25,855.0,858.0,850.5,4904
2016-03-02,854.25,850.25,857.5,849.0,7854
2016-03-01,850.75,853.0,858.25,849.75,9982
2016-02-29,853.0,854.0,857.0,852.0,12540
2016-02-26,855.0,860.0,862.5,854.5,58897
2016-02-25,859.0,867.0,871.0,858.5,83698
2016-02-24,867.5,869.25,870.5,864.5,91102
2016-02-23,869.25,880.0,880.25,868.0,110272
2016-02-22,881.0,881.75,887.5,880.25,143714
2016-02-19,878.25,879.5,881.75,877.75,123010
2016-02-18,879.75,882.25,882.75,878.0,131756
2016-02-17,882.5,879.0,885.25,876.75,171253
2016-02-16,879.75,875.5,882.75,873.25,168027
2016-02-12,872.75,873.0,875.5,868.5,91788
2016-02-11,873.5,862.25,874.25,862.0,145579
2016-02-10,862.25,863.5,866.25,861.5,112212
2016-02-09,863.25,862.75,866.5,859.5,136517
2016-02-08,862.5,867.5,868.75,861.5,114019
2016-02-05,867.5,875.75,879.0,867.25,150936
2016-02-04,874.5,878.0,884.25,872.75,160779
2016-02-03,876.75,885.5,886.0,874.25,137447
2016-02-02,886.25,880.25,889.5,878.25,142056
2016-02-01,880.75,883.0,883.25,876.0,101524
2016-01-29,882.25,868.75,883.0,867.0,137841
2016-01-28,867.75,882.5,884.25,867.25,151110
2016-01-27,883.0,876.0,885.0,875.5,120976
2016-01-26,876.5,879.75,882.5,875.5,95467
2016-01-25,880.5,876.5,882.0,870.75,115141
2016-01-22,876.5,879.0,886.5,874.5,101537
2016-01-21,878.5,874.5,885.75,872.25,147352
2016-01-20,874.0,882.0,883.75,870.5,137886
2016-01-19,883.5,881.0,888.0,880.5,120808
2016-01-15,879.0,882.25,882.75,871.0,120442
2016-01-14,896.0,897.0,900.5,892.0,114563
2016-01-13,899.0,892.0,899.0,890.75,1184
2016-01-12,890.75,881.5,899.5,875.5,2427
2016-01-11,881.0,880.0,885.75,878.0,1143
2016-01-08,879.5,877.5,884.75,877.5,3592
2016-01-07,877.0,875.75,880.0,869.75,3615
2016-01-06,875.75,867.0,878.0,861.75,3910
2016-01-05,867.75,866.25,873.25,866.25,5460
2016-01-04,864.5,870.75,873.5,861.75,9343
2015-12-31,871.25,875.0,879.25,870.0,13719
2015-12-30,875.5,870.0,878.25,869.0,34292
2015-12-29,870.0,866.5,876.25,865.0,55929
2015-12-28,865.0,873.0,874.5,864.0,54719
2015-12-24,875.25,882.75,885.0,875.0,36085
2015-12-23,881.75,885.0,888.75,881.0,66400
2015-12-22,885.25,891.0,895.0,885.0,64155
2015-12-21,891.25,892.0,896.25,887.0,80678
2015-12-18,892.25,876.0,893.5,873.25,138493
2015-12-17,877.0,860.0,878.25,854.0,155857
2015-12-16,862.5,867.0,871.0,856.0,138449
2015-12-15,867.25,873.5,877.5,866.5,115700
2015-12-14,874.25,870.75,877.75,868.0,105495
2015-12-11,870.75,878.25,884.25,870.0,130808
2015-12-10,878.25,877.0,886.5,872.75,116291
2015-12-09,876.75,877.0,883.75,869.75,122830
2015-12-08,876.75,886.0,887.0,872.75,155245
2015-12-07,882.25,906.0,909.75,881.25,160092
2015-12-04,906.0,897.0,907.0,892.75,124907
2015-12-03,897.5,891.0,898.0,885.0,115330
2015-12-02,892.25,889.0,894.75,884.5,113712
2015-12-01,889.25,881.0,891.75,880.0,120518
2015-11-30,881.0,873.0,883.25,870.25,109282
2015-11-27,873.0,874.25,877.75,871.0,62645
2015-11-25,875.25,863.0,877.0,861.5,105565
2015-11-24,863.75,864.0,869.25,861.25,94127
2015-11-23,864.25,855.0,865.25,844.25,135936
2015-11-20,857.5,860.0,861.25,852.0,111562
2015-11-19,860.0,858.0,863.0,852.5,96810
2015-11-18,857.75,864.0,867.5,852.5,126821
2015-11-17,864.0,859.5,865.0,857.75,73486
2015-11-16,859.5,854.25,860.5,851.25,72785
2015-11-13,859.0,871.75,871.75,859.0,70652
2015-11-12,869.25,869.75,874.75,865.25,1521
2015-11-11,868.5,865.75,869.75,863.5,1574
2015-11-10,864.5,875.0,875.25,859.25,1793
2015-11-09,873.5,872.0,877.25,871.25,2415
2015-11-06,871.25,868.0,873.0,863.25,1643
2015-11-05,867.75,882.5,882.5,867.25,3089
2015-11-04,882.0,878.5,886.25,878.5,4218
2015-11-03,878.5,878.5,887.5,875.0,7186
2015-11-02,877.75,883.75,889.25,877.25,8873
2015-10-30,883.75,877.0,886.75,876.75,23113
2015-10-29,878.75,881.0,885.0,873.25,81621
2015-10-28,881.5,890.5,891.0,881.0,109033
2015-10-27,891.25,885.75,895.25,882.0,97849
2015-10-26,885.0,895.0,899.5,884.0,146578
2015-10-23,895.5,898.75,901.0,892.0,135626
2015-10-22,898.75,905.0,913.0,897.5,161695
2015-10-21,905.25,896.0,907.0,894.5,141806
2015-10-20,896.0,890.25,901.75,889.5,149191
2015-10-19,891.0,897.5,900.5,890.75,154119
2015-10-16,898.25,904.25,910.5,897.25,141192
2015-10-15,905.25,909.0,915.75,904.0,141941
2015-10-14,910.5,912.0,919.75,909.0,172208
2015-10-13,914.0,886.25,915.0,886.0,239517
2015-10-12,887.5,885.5,894.5,885.5,127467
2015-10-09,885.75,880.5,897.0,871.5,236991
2015-10-08,881.25,890.0,891.75,880.0,152530
2015-10-07,891.0,887.25,896.0,885.75,120545
2015-10-06,888.0,879.25,895.5,879.25,134181
2015-10-05,884.25,874.0,886.0,872.0,110820
2015-10-02,874.25,877.0,882.0,868.25,169182
2015-10-01,877.25,891.5,899.25,876.75,170663
2015-09-30,892.0,883.5,902.25,881.25,196549
2015-09-29,884.25,876.25,884.75,873.5,106478
2015-09-28,876.75,888.0,892.0,875.75,122366
2015-09-25,889.25,869.0,890.0,869.0,154414
2015-09-24,868.0,863.0,869.25,858.0,112270
2015-09-23,863.75,861.25,869.5,861.0,106538
2015-09-22,861.75,871.25,873.5,861.0,118016
2015-09-21,874.25,868.0,877.25,865.0,98206
2015-09-18,867.25,883.75,886.5,866.5,119982
2015-09-17,884.5,886.75,890.5,880.5,79487
2015-09-16,887.25,889.0,894.5,883.25,120932
2015-09-15,889.0,886.5,894.5,883.0,106777
2015-09-14,882.75,887.25,898.0,882.75,108353
2015-09-11,887.75,886.0,888.75,866.0,454
2015-09-10,884.5,882.75,888.0,882.75,351
2015-09-09,882.75,888.25,894.0,882.5,573
2015-09-08,890.75,884.0,895.0,882.25,923
2015-09-04,877.25,879.75,885.5,877.0,879
2015-09-03,879.75,883.75,891.25,878.5,991
2015-09-02,883.75,882.5,888.5,874.25,910
2015-09-01,884.75,891.75,894.75,878.75,1376
2015-08-31,897.5,894.25,898.0,880.75,2125
2015-08-28,893.25,887.25,895.75,884.0,9497
2015-08-27,886.25,879.5,894.25,879.5,15895
2015-08-26,877.75,893.25,898.5,877.0,15241
2015-08-25,894.25,893.0,908.0,888.0,16197
2015-08-24,892.75,899.5,906.25,874.0,18851
2015-08-21,905.25,920.0,921.0,903.75,21281
2015-08-20,921.5,904.75,923.0,898.25,18829
2015-08-19,903.5,913.0,917.25,899.75,16772
2015-08-18,913.25,925.25,929.25,912.25,14548
2015-08-17,927.0,920.0,933.5,919.25,12809
2015-08-14,978.5,991.25,991.25,965.0,10557
2015-08-13,993.0,953.0,995.0,953.0,848
2015-08-12,951.0,1018.75,1018.75,950.0,916
2015-08-11,1014.0,1039.0,1039.5,1013.0,824
2015-08-10,1044.75,1010.5,1045.75,1010.5,1700
2015-08-07,1009.0,982.0,1010.25,982.0,1000
2015-08-06,985.5,991.0,992.0,983.75,1537
2015-08-05,991.75,974.5,992.25,974.5,1067
2015-08-04,976.0,977.5,986.5,971.0,2126
2015-08-03,977.5,978.0,983.75,971.5,3428
2015-07-31,980.75,993.0,995.25,979.0,9157
2015-07-30,990.25,982.0,1002.25,982.0,25531
2015-07-29,983.0,976.75,988.75,971.75,28191
2015-07-28,974.75,963.0,976.75,962.75,26707
2015-07-27,961.25,988.0,988.25,959.75,28464
2015-07-24,991.25,1010.5,1011.25,988.75,43122
2015-07-23,1010.0,1021.25,1029.0,1004.25,48381
2015-07-22,1020.75,1018.75,1027.5,1011.5,43514
2015-07-21,1018.75,1011.0,1020.0,1008.25,30275
2015-07-20,1007.75,1012.0,1012.75,998.25,27829
2015-07-17,1014.75,1016.5,1021.25,1007.5,19460
2015-07-16,1019.0,1027.25,1038.25,1015.25,24162
2015-07-15,1025.0,1030.0,1035.0,1014.25,28280
2015-07-14,1039.0,1052.5,1060.0,1039.0,34977
2015-07-13,1045.25,1044.5,1051.5,1034.75,531
2015-07-10,1043.5,1037.25,1059.0,1035.0,829
2015-07-09,1037.75,1008.75,1042.25,1008.75,883
2015-07-08,1006.25,1008.25,1016.0,999.0,1512
2015-07-07,1002.0,1029.0,1033.75,1001.0,2096
2015-07-06,1033.75,1037.0,1042.5,1026.25,1974
2015-07-02,1045.25,1041.75,1055.0,1032.0,3991
2015-07-01,1044.0,1053.5,1060.25,1038.75,8751
2015-06-30,1056.25,1000.5,1059.25,993.75,20171
2015-06-29,1002.5,997.25,1014.75,995.0,51498
2015-06-26,1002.0,999.0,1024.5,997.75,100939
2015-06-25,1000.25,981.0,1002.5,980.0,90872
2015-06-24,981.75,987.25,990.5,979.0,80675
2015-06-23,987.5,989.5,996.0,978.0,107174
2015-06-22,989.5,972.5,990.0,971.5,99654
2015-06-19,971.5,976.0,981.5,966.5,102493
2015-06-18,977.75,967.0,981.75,962.0,140565
2015-06-17,969.0,957.5,972.0,957.5,136516
2015-06-16,957.5,939.0,959.0,938.75,129787
2015-06-15,937.75,940.0,943.75,930.25,112442
2015-06-12,940.0,939.0,947.0,933.25,113304
2015-06-11,940.0,947.25,953.0,938.0,129713
2015-06-10,949.5,951.5,957.75,944.5,151232
2015-06-09,951.5,946.0,955.0,943.25,134068
2015-06-08,944.25,938.25,951.0,935.25,109450
2015-06-05,937.75,944.5,952.0,935.25,127998
2015-06-04,946.5,934.75,948.75,932.0,115650
2015-06-03,935.25,941.5,945.5,931.5,129165
2015-06-02,940.75,926.0,944.5,925.25,117943
2015-06-01,926.0,931.0,935.0,921.5,115283
2015-05-29,934.0,926.0,937.5,924.75,112312
2015-05-28,926.0,927.0,934.25,922.0,108108
2015-05-27,927.0,922.0,931.75,922.0,107395
2015-05-26,922.5,923.75,930.5,920.5,106436
2015-05-22,924.25,938.0,942.5,922.75,115966
2015-05-21,938.5,941.25,946.5,937.25,90906
2015-05-20,941.25,946.25,947.25,936.5,94327
2015-05-19,946.25,953.25,956.0,942.0,119636
2015-05-18,954.5,953.25,964.5,950.0,89562
2015-05-15,953.25,957.25,961.25,950.25,94596
2015-05-14,963.0,976.75,978.75,963.0,98841
2015-05-13,975.0,974.5,978.5,970.5,1392
2015-05-12,967.0,982.0,991.25,967.0,1362
2015-05-11,983.0,983.0,989.0,981.5,1315
2015-05-08,984.5,982.75,986.25,977.75,1691
2015-05-07,981.5,990.5,992.5,979.25,2962
2015-05-06,990.5,993.25,1000.5,988.25,2348
2015-05-05,993.5,982.5,994.5,981.5,2787
2015-05-04,983.0,968.0,984.0,966.75,3949
2015-05-01,968.5,979.75,980.5,964.5,5974
2015-04-30,978.5,989.0,997.25,975.0,13903
2015-04-29,988.5,977.0,989.75,974.0,51626
2015-04-28,977.5,972.0,988.5,972.0,78014
2015-04-27,973.0,968.0,979.0,965.0,62813
2015-04-24,969.75,978.0,981.0,966.75,62779
2015-04-23,978.25,971.25,983.0,971.0,83196
2015-04-22,970.5,973.75,976.5,965.25,108165
2015-04-21,975.25,976.75,977.0,968.75,67881
2015-04-20,977.5,968.0,981.0,967.5,110574
2015-04-17,968.75,965.25,972.5,963.0,90527
2015-04-16,966.0,964.0,970.25,955.5,90548
2015-04-15,965.0,959.25,976.75,958.75,155426
2015-04-14,960.25,948.75,961.5,948.5,142042
2015-04-13,948.75,948.0,957.5,945.75,103494
2015-04-10,951.5,954.0,958.5,944.5,125611
2015-04-09,953.5,971.25,972.0,950.25,170266
2015-04-08,971.5,971.0,975.0,967.75,108285
2015-04-07,971.0,977.75,984.0,970.0,107655
2015-04-06,978.5,985.0,990.25,978.0,59977
2015-04-02,986.0,988.0,993.0,980.75,107812
2015-04-01,989.75,973.25,991.75,972.75,159165
2015-03-31,973.25,967.0,981.0,951.25,173826
2015-03-30,967.75,968.0,976.75,965.0,88920
2015-03-27,967.25,974.0,976.25,965.0,93855
2015-03-26,974.5,977.0,981.5,972.0,101275
2015-03-25,978.75,982.75,987.75,978.0,113333
2015-03-24,981.75,983.75,985.0,975.75,90487
2015-03-23,983.5,974.5,990.0,973.25,99545
2015-03-20,973.75,961.75,980.0,960.0,126233
2015-03-19,961.75,969.25,980.25,956.5,111075
2015-03-18,965.0,954.5,967.0,953.5,102716
2015-03-17,954.5,968.0,973.0,953.5,113419
2015-03-16,969.25,972.5,978.0,967.5,82671
2015-03-13,968.25,986.5,986.5,968.25,121550
2015-03-12,986.5,989.0,992.5,981.75,777
2015-03-11,989.0,979.0,991.5,979.0,841
2015-03-10,980.0,987.25,989.0,978.0,1138
2015-03-09,988.25,983.0,993.25,981.25,1714
2015-03-06,979.25,979.0,980.75,971.0,3313
2015-03-05,979.25,990.0,991.25,979.0,3378
2015-03-04,989.0,1008.75,1010.25,988.25,5138
2015-03-03,1008.75,1011.75,1015.0,998.5,8847
2015-03-02,1011.25,1029.75,1037.25,1008.75,8388
2015-02-27,1030.75,1023.0,1035.5,1020.0,17636
2015-02-26,1024.0,1007.5,1024.75,1006.0,59154
2015-02-25,1007.75,1015.0,1021.5,1002.0,55241
2015-02-24,1016.0,999.25,1029.0,999.0,111284
2015-02-23,999.25,1000.5,1006.5,992.0,66189
2015-02-20,999.25,1006.75,1009.75,998.75,85918
2015-02-19,1007.25,995.25,1017.0,993.75,139528
2015-02-18,995.75,1007.0,1012.25,990.75,99252
2015-02-17,1007.75,992.0,1009.0,991.5,104614
2015-02-13,990.5,982.75,997.75,982.75,128959
2015-02-12,983.75,977.25,985.0,973.5,144053
2015-02-11,977.75,970.75,981.0,966.0,163833
2015-02-10,969.0,978.25,986.0,967.0,171876
2015-02-09,978.5,973.5,983.25,972.0,109143
2015-02-06,973.5,981.25,987.5,971.25,113427
2015-02-05,981.25,970.0,982.75,969.25,92627
2015-02-04,972.0,985.25,990.25,967.5,121561
2015-02-03,987.0,959.75,999.0,959.75,183638
2015-02-02,959.5,961.0,970.5,956.5,86688
2015-01-30,961.0,968.0,972.75,955.0,107062
2015-01-29,968.25,969.5,977.75,967.0,110658
2015-01-28,970.25,972.75,977.75,966.25,95595
2015-01-27,973.75,982.25,985.5,972.25,101221
2015-01-26,983.5,971.75,984.25,967.0,85312
2015-01-23,972.75,977.0,980.5,967.25,107015
2015-01-22,976.75,984.25,992.5,975.0,90812
2015-01-21,983.5,983.5,991.0,977.5,110963
2015-01-20,982.0,982.0,986.75,972.25,114400
2015-01-16,991.75,991.25,996.0,983.0,96009
2015-01-15,991.0,1014.5,1019.75,985.25,152445
2015-01-14,992.5,1003.5,1004.0,991.75,119424
2015-01-13,1000.0,1017.5,1022.25,998.0,1454
2015-01-12,1013.5,1047.0,1058.75,1013.0,3313
2015-01-09,1051.5,1044.25,1052.0,1041.25,3320
2015-01-08,1045.0,1051.5,1057.0,1042.75,4042
2015-01-07,1052.75,1049.75,1055.25,1044.5,3888
2015-01-06,1051.0,1037.5,1052.5,1034.0,3994
2015-01-05,1039.75,1002.5,1041.25,1001.5,7451
2015-01-02,1002.5,1017.75,1017.75,1002.25,9173
