Date,Price,Open,High,Low,Vol.
2026-09-30,675.75,692.75,700.25,673.25,113213
2026-09-29,692.75,689.5,694.0,681.5,61970
2026-09-28,688.75,703.0,703.0,683.0,63820
2026-09-25,703.25,707.0,707.0,683.5,90590
2026-09-24,707.0,707.75,712.5,700.25,59593
2026-09-23,708.5,716.75,717.75,702.0,68996
2026-09-22,717.25,727.25,729.5,714.75,43545
2026-09-21,726.75,716.0,730.0,715.25,60641
2026-09-18,714.25,725.0,729.0,711.25,48700
2026-09-17,727.0,730.75,735.5,716.5,50709
2026-09-16,730.75,728.25,736.0,723.5,57852
2026-09-15,728.5,722.0,731.0,711.25,70809
2026-09-14,707.0,707.0,707.0,707.0,84083
2026-09-11,707.0,713.5,713.5,707.0,14
2026-09-10,723.25,712.75,723.25,712.75,6
2026-09-09,711.25,727.0,728.5,711.25,132
2026-09-08,730.25,730.0,730.25,728.0,6
2026-09-04,716.0,727.5,741.25,716.0,31
2026-09-03,736.0,729.25,736.0,728.5,28
2026-09-02,754.75,775.25,775.75,751.25,129
2026-09-01,764.0,771.75,772.75,759.25,149
2026-08-31,756.5,767.0,767.0,741.25,339
2026-08-28,767.0,739.5,773.0,737.5,10298
2026-08-27,742.75,729.0,749.5,723.25,18615
2026-08-26,730.5,686.5,730.5,683.5,31244
2026-08-25,685.5,683.25,688.25,667.25,22613
2026-08-24,681.75,687.25,697.25,678.0,34688
2026-08-21,681.5,682.0,687.75,674.5,35340
2026-08-20,682.75,680.0,691.25,675.75,48887
2026-08-19,680.25,661.25,683.25,660.25,54208
2026-08-18,664.5,673.75,681.75,660.25,62979
2026-08-17,674.75,677.25,680.0,665.25,57229
2026-08-14,674.75,653.75,677.25,652.5,104336
2026-08-13,652.75,653.25,665.0,645.5,138354
2026-08-12,652.75,632.0,657.75,631.5,157513
2026-08-11,630.25,639.5,646.75,627.0,124636
2026-08-10,640.5,643.5,656.5,639.25,99419
2026-08-07,639.75,631.0,646.0,628.5,86717
2026-08-06,631.25,643.75,649.0,626.75,81658
2026-08-05,642.25,638.0,652.5,633.25,59444
2026-08-04,638.5,652.0,659.5,635.5,68848
2026-08-03,651.0,635.0,653.75,632.0,70508
2026-07-31,639.25,663.25,665.0,634.5,95500
2026-07-30,663.5,660.0,686.5,658.25,94256
2026-07-29,660.75,666.75,672.25,658.25,57585
2026-07-28,662.5,661.5,665.75,650.5,64179
2026-07-27,660.0,680.75,682.0,658.0,71450
2026-07-24,678.0,694.75,711.25,659.5,125604
2026-07-23,696.25,705.5,710.25,693.0,78187
2026-07-22,705.75,678.5,708.25,678.0,101033
2026-07-21,678.0,673.0,679.0,665.25,61002
2026-07-20,674.0,687.5,692.25,672.75,80208
2026-07-17,682.75,672.75,685.0,666.5,85673
2026-07-16,674.75,677.0,698.25,669.5,122342
2026-07-15,677.5,644.0,682.75,642.75,147052
2026-07-14,631.25,626.25,631.25,615.0,67276
2026-07-13,627.0,630.0,634.5,627.0,29
2026-07-10,632.0,630.0,634.75,630.0,11
2026-07-09,611.25,606.5,611.5,606.5,12
2026-07-08,599.5,606.75,613.75,599.5,52
2026-07-07,609.25,605.75,609.25,604.5,7
2026-07-06,606.0,590.25,606.0,590.25,48
2026-07-02,590.5,590.75,599.0,590.5,136
2026-07-01,592.0,577.25,599.0,577.25,176
2026-06-30,580.75,569.0,584.25,568.0,1482
2026-06-29,569.5,581.0,581.5,568.0,15755
2026-06-26,578.25,588.5,589.75,574.0,31101
2026-06-25,591.0,585.25,591.25,580.5,27308
2026-06-24,585.75,587.5,597.25,583.25,38741
2026-06-23,586.75,597.5,601.75,586.25,36381
2026-06-22,597.5,606.25,612.25,596.0,38336
2026-06-18,605.75,613.25,618.25,601.25,47266
2026-06-17,612.75,595.75,614.0,593.5,69818
2026-06-16,596.0,589.0,604.25,582.75,118547
2026-06-15,589.75,582.5,591.0,571.0,94401
2026-06-12,584.5,585.75,594.25,579.75,83013
2026-06-11,586.75,588.5,593.75,582.25,97755
2026-06-10,587.5,585.0,600.25,583.5,94003
2026-06-09,585.25,583.0,595.0,581.75,108207
2026-06-08,583.25,582.75,588.75,574.75,109897
2026-06-05,580.0,581.75,587.25,578.0,106685
2026-06-04,581.75,587.0,590.5,579.25,87580
2026-06-03,587.25,603.0,606.75,585.5,103299
2026-06-02,603.0,609.25,610.25,599.25,65720
2026-06-01,608.75,613.0,619.5,606.5,75619
2026-05-29,610.5,626.25,628.0,609.25,74792
2026-05-28,624.0,622.25,628.0,618.0,68481
2026-05-27,622.5,636.5,638.75,620.75,73994
2026-05-26,635.5,640.0,645.25,634.75,57509
2026-05-22,646.25,650.0,654.0,642.25,52389
2026-05-21,647.5,660.75,660.75,645.25,64939
2026-05-20,660.5,668.25,672.75,655.5,73553
2026-05-19,667.25,666.0,679.5,661.0,79475
2026-05-18,664.5,647.5,666.0,646.0,104287
2026-05-15,635.75,658.25,663.5,631.5,94630
2026-05-14,647.0,647.0,647.0,647.0,120498
2026-05-13,665.0,666.25,670.75,659.0,56
2026-05-12,665.0,632.75,665.0,629.75,7
2026-05-11,622.25,615.25,622.25,613.25,8
2026-05-08,607.5,606.5,607.5,606.5,5
2026-05-07,601.75,597.25,602.25,595.25,56
2026-05-06,606.0,614.25,614.25,598.25,135
2026-05-05,616.5,633.5,633.5,614.75,62
2026-05-04,629.5,630.0,630.0,629.5,6
2026-05-01,624.5,632.0,632.0,620.25,163
2026-04-30,623.75,640.0,644.25,622.0,1950
2026-04-29,642.25,648.75,661.5,641.5,8716
2026-04-28,649.0,620.75,650.75,619.25,28627
2026-04-27,621.5,609.0,623.25,608.5,24282
2026-04-24,608.25,612.5,616.25,602.0,23889
2026-04-23,610.75,600.25,612.75,598.75,38329
2026-04-22,599.25,606.5,613.0,598.25,20613
2026-04-21,605.0,598.0,606.5,592.75,31527
2026-04-20,597.0,596.25,602.75,590.25,40737
2026-04-17,591.25,597.5,602.5,582.75,52569
2026-04-16,598.5,593.0,610.0,590.75,77299
2026-04-15,593.75,592.0,597.0,585.25,74637
2026-04-14,592.0,581.5,594.25,578.5,96119
2026-04-13,582.25,580.0,589.5,576.25,106883
2026-04-10,571.0,572.75,577.75,567.5,84547
2026-04-09,574.5,580.0,588.75,570.0,103129
2026-04-08,580.25,589.0,589.0,577.0,103575
2026-04-07,598.0,595.75,600.5,588.0,60072
2026-04-06,595.25,599.0,600.5,588.5,38108
2026-04-02,598.25,597.5,609.25,594.0,0
2026-04-01,597.5,618.0,622.75,593.25,106118
2026-03-31,616.25,609.75,625.0,605.25,101061
2026-03-30,607.0,607.75,612.0,597.75,60137
2026-03-27,605.0,605.0,613.25,599.25,52792
2026-03-26,605.0,599.5,607.75,593.0,55171
2026-03-25,597.75,589.0,599.5,579.25,65526
2026-03-24,590.0,591.0,596.0,582.5,70071
2026-03-23,587.75,596.5,606.5,577.75,97322
2026-03-20,595.25,608.0,609.25,594.75,64986
2026-03-19,608.0,608.25,616.0,600.5,85885
2026-03-18,604.25,590.0,607.75,586.0,78219
2026-03-17,589.75,597.25,607.25,586.75,76805
2026-03-16,597.25,609.25,613.75,594.5,82221
2026-03-13,618.5,618.5,618.5,618.5,82793
2026-03-12,592.25,597.5,597.5,592.25,34
2026-03-11,588.5,588.5,588.5,588.5,8
2026-03-10,584.75,587.75,588.0,584.75,46
2026-03-09,598.0,635.0,635.0,598.0,82
2026-03-06,611.25,608.25,611.25,608.25,61
2026-03-05,582.75,575.0,582.75,574.0,274
2026-03-04,566.75,566.5,569.25,566.5,68
2026-03-03,572.25,579.5,579.5,567.25,158
2026-03-02,574.5,594.75,596.0,574.5,478
2026-02-27,591.25,572.25,595.75,570.75,881
2026-02-26,571.75,565.5,572.0,562.25,8696
2026-02-25,565.75,566.75,570.0,559.0,19920
2026-02-24,567.5,569.0,573.5,564.75,18003
2026-02-23,569.5,571.5,579.25,567.75,30945
2026-02-20,573.5,562.75,575.25,558.0,49607
2026-02-19,559.5,548.0,563.75,546.0,45197
2026-02-18,547.0,538.25,549.75,538.0,52860
2026-02-17,537.75,548.25,548.5,535.0,104375
2026-02-13,548.75,552.0,553.0,545.75,166512
2026-02-12,552.5,537.25,553.5,536.0,159021
2026-02-11,537.25,529.75,540.0,528.0,138467
2026-02-10,528.25,527.25,531.25,524.5,96739
2026-02-09,528.75,530.5,531.5,525.5,84945
2026-02-06,529.75,534.75,539.25,527.5,104156
2026-02-05,535.25,527.0,536.5,522.75,70977
2026-02-04,526.75,529.25,531.75,522.25,78497
2026-02-03,528.75,528.25,531.0,525.0,61674
2026-02-02,527.75,539.5,540.0,525.75,85993
2026-01-30,538.0,541.25,544.75,533.5,87410
2026-01-29,541.5,536.0,544.25,533.75,91934
2026-01-28,536.0,523.25,541.25,523.0,121762
2026-01-27,523.25,522.5,525.5,519.25,62546
2026-01-26,522.5,532.0,533.25,521.5,79398
2026-01-23,529.5,515.0,530.5,514.75,85085
2026-01-22,515.5,508.25,517.0,507.75,53201
2026-01-21,507.75,510.75,516.75,507.0,56709
2026-01-20,510.25,518.25,520.25,509.5,65161
2026-01-16,518.0,511.0,521.0,510.25,56609
2026-01-15,510.5,512.5,517.25,509.75,49930
2026-01-14,512.5,512.0,514.5,508.0,58151
2026-01-13,510.5,512.25,513.75,507.0,68026
2026-01-12,511.25,517.25,528.0,507.0,109417
2026-01-09,517.25,519.75,521.25,513.75,56772
2026-01-08,518.0,518.75,522.75,515.75,70497
2026-01-07,518.0,510.5,520.25,509.25,74479
2026-01-06,510.5,512.75,515.0,510.0,53561
2026-01-05,512.5,507.25,514.5,505.75,65960
2026-01-02,506.5,506.5,508.5,501.5,59096
2025-12-31,507.0,510.25,512.0,506.0,40225
2025-12-30,510.75,512.75,515.5,510.0,36300
2025-12-29,513.0,518.0,521.0,512.0,43201
2025-12-26,519.0,522.5,524.5,517.0,38020
2025-12-24,521.75,518.5,525.0,518.0,32999
2025-12-23,517.0,514.25,518.75,513.75,41461
2025-12-22,515.5,511.0,518.25,510.0,43608
2025-12-19,509.75,507.75,511.25,505.5,58220
2025-12-18,507.75,507.75,510.75,505.5,82031
2025-12-17,506.25,510.75,511.5,504.0,93081
2025-12-16,509.5,521.0,522.25,507.5,116616
2025-12-15,520.75,529.5,529.5,519.5,79494
2025-12-12,534.5,534.5,534.5,534.5,50614
2025-12-11,534.5,534.5,534.5,534.5,6
2025-12-10,531.25,526.5,531.25,526.5,27
2025-12-09,536.25,535.5,536.25,535.0,14
2025-12-08,536.0,536.0,541.25,536.0,31
2025-12-05,537.5,539.0,539.0,537.0,56
2025-12-04,541.0,533.0,541.75,532.5,73
2025-12-03,537.75,542.25,542.25,536.5,139
2025-12-02,537.75,536.0,537.75,536.0,184
2025-12-01,530.25,535.0,535.0,527.5,426
2025-11-28,531.0,529.5,532.25,527.25,1198
2025-11-26,529.0,526.75,533.75,523.75,18026
2025-11-25,527.25,522.5,528.25,520.25,26212
2025-11-24,522.25,528.5,529.0,519.5,26119
2025-11-21,527.0,528.25,532.5,522.75,32622
2025-11-20,527.0,537.0,543.25,526.0,41598
2025-11-19,536.75,546.0,550.5,535.0,37984
2025-11-18,546.5,544.5,549.75,540.5,34471
2025-11-17,544.25,526.75,545.75,525.75,64246
2025-11-14,527.25,535.75,544.5,524.5,85222
2025-11-13,535.75,536.25,539.25,530.75,92763
2025-11-12,536.0,536.0,536.75,527.5,95686
2025-11-11,536.0,535.75,539.0,531.25,80355
2025-11-10,535.75,528.0,537.25,527.5,92410
2025-11-07,527.75,535.5,537.5,526.25,127657
2025-11-06,535.5,552.75,554.5,534.5,119141
2025-11-05,554.75,549.5,555.0,546.25,72195
2025-11-04,550.25,542.75,550.5,539.75,116421
2025-11-03,543.5,534.0,545.0,531.25,0
2025-10-31,534.0,524.25,534.25,517.25,111375
2025-10-30,524.25,533.25,535.5,520.25,101549
2025-10-29,532.25,528.5,533.75,526.75,90090
2025-10-28,529.0,524.0,535.0,524.0,105303
2025-10-27,526.0,517.0,530.5,516.75,109465
2025-10-24,512.5,512.0,515.5,509.75,59008
2025-10-23,513.0,504.75,513.5,502.5,58191
2025-10-22,503.75,501.75,505.5,498.25,45473
2025-10-21,500.25,504.75,506.25,498.0,41036
2025-10-20,504.75,505.0,507.25,502.0,37582
2025-10-17,503.75,502.25,505.0,500.25,38177
2025-10-16,502.5,500.0,503.75,495.25,53290
2025-10-15,498.75,501.0,501.25,494.75,57004
2025-10-14,500.25,498.5,501.75,492.25,65741
2025-10-13,496.75,499.25,501.75,494.5,63513
2025-10-10,498.5,508.5,509.5,496.75,63513
2025-10-09,506.5,508.0,513.5,506.5,79086
2025-10-08,507.25,507.0,508.75,503.75,44067
2025-10-07,506.75,513.0,514.25,505.75,53564
2025-10-06,512.75,515.25,518.25,512.0,49990
2025-10-03,515.25,514.0,518.5,512.75,47455
2025-10-02,514.75,509.0,516.0,508.25,57218
2025-10-01,509.25,508.0,510.25,502.0,82924
2025-09-30,508.0,519.5,519.75,506.75,85752
2025-09-29,519.5,519.0,522.5,516.75,44889
2025-09-26,519.75,526.25,527.75,518.75,52731
2025-09-25,527.0,520.5,527.5,518.25,56448
2025-09-24,519.5,520.5,524.5,519.0,53328
2025-09-23,520.5,511.0,521.0,507.25,71968
2025-09-22,510.75,522.25,523.0,508.5,86785
2025-09-19,522.5,525.0,526.75,520.25,45048
2025-09-18,524.25,528.25,532.25,523.0,39926
2025-09-17,528.25,533.5,535.75,526.0,49323
2025-09-16,534.0,525.0,534.5,524.0,46736
2025-09-15,525.0,522.75,529.25,520.25,55496
2025-09-12,503.0,503.0,503.0,503.0,55282
2025-09-11,503.0,501.75,503.0,496.25,2
2025-09-10,495.0,498.0,498.0,495.0,18
2025-09-09,500.75,503.75,506.75,500.75,26
2025-09-08,505.5,503.25,505.5,502.0,6
2025-09-05,501.0,506.5,506.5,501.0,13
2025-09-04,502.25,504.0,504.0,495.25,54
2025-09-03,504.0,511.0,511.0,504.0,312
2025-09-02,513.0,513.75,513.75,508.5,404
2025-08-29,518.0,510.0,518.25,508.75,0
2025-08-28,510.25,502.0,511.0,499.0,23384
2025-08-27,502.25,508.25,510.25,500.75,37489
2025-08-26,509.5,506.5,512.0,504.0,32257
2025-08-25,506.75,504.75,512.25,504.25,31672
2025-08-22,504.75,506.25,509.75,503.5,36797
2025-08-21,507.0,506.0,511.5,502.0,49806
2025-08-20,505.5,498.0,508.0,494.5,53676
2025-08-19,498.5,502.5,502.5,497.5,45629
2025-08-18,502.75,506.25,508.75,500.75,64948
2025-08-15,506.5,504.0,508.25,502.25,59556
2025-08-14,503.5,506.25,508.75,500.75,71519
2025-08-13,507.25,505.0,510.75,502.25,78660
2025-08-12,505.0,514.25,515.0,503.25,116430
2025-08-11,515.0,516.5,523.25,513.25,87297
2025-08-08,514.5,518.0,521.75,513.75,78246
2025-08-07,518.25,508.5,520.0,508.5,81829
2025-08-06,508.5,508.25,509.5,504.0,65192
2025-08-05,508.25,516.75,517.5,507.0,67614
2025-08-04,516.75,517.5,523.0,513.0,71053
2025-08-01,516.75,523.0,526.0,516.25,62480
2025-07-31,523.25,523.25,525.75,516.75,77077
2025-07-30,523.75,529.75,532.0,523.25,64991
2025-07-29,529.75,538.25,539.0,526.0,80217
2025-07-28,538.5,536.5,540.0,532.25,45184
2025-07-25,538.25,541.0,544.0,534.0,37484
2025-07-24,541.5,540.75,546.0,535.0,56771
2025-07-23,540.5,548.25,552.25,540.0,49135
2025-07-22,549.5,541.75,552.75,536.75,62596
2025-07-21,542.25,546.0,549.5,541.0,43970
2025-07-18,546.25,533.5,550.25,533.0,82550
2025-07-17,533.5,541.0,542.75,532.0,55433
2025-07-16,541.25,538.25,543.5,533.5,59091
2025-07-15,538.0,541.5,545.25,535.5,56165
2025-07-14,534.0,534.0,534.0,534.0,52432
2025-07-11,540.75,548.5,548.5,540.75,21
2025-07-10,550.25,542.75,550.5,542.75,40
2025-07-09,542.75,545.0,545.0,542.75,41
2025-07-08,543.0,547.0,547.0,543.0,4
2025-07-07,539.75,538.5,541.75,538.0,53
2025-07-03,547.75,558.0,558.0,547.75,0
2025-07-02,556.0,546.0,556.0,544.75,62
2025-07-01,537.25,527.0,540.75,526.5,453
2025-06-30,528.75,530.0,531.75,523.5,1972
2025-06-27,524.75,521.0,529.5,520.5,12677
2025-06-26,521.0,528.25,531.5,520.5,24542
2025-06-25,528.25,535.0,537.0,526.5,18240
2025-06-24,535.75,552.0,553.0,535.0,36906
2025-06-23,552.75,567.0,570.0,549.5,44221
2025-06-20,567.75,573.0,578.25,565.5,49117
2025-06-18,574.25,549.0,575.0,547.0,0
2025-06-17,549.0,536.25,552.25,536.25,71241
2025-06-16,536.5,545.0,546.75,531.75,77417
2025-06-13,543.75,526.75,544.75,522.25,102188
2025-06-12,526.5,534.25,537.0,526.0,93654
2025-06-11,534.25,535.0,539.25,532.0,72453
2025-06-10,534.5,540.0,542.0,530.75,90158
2025-06-09,542.0,556.0,557.75,540.0,102603
2025-06-06,554.75,545.25,555.75,540.25,97197
2025-06-05,545.5,543.5,549.25,540.5,0
2025-06-04,543.25,535.5,547.5,533.5,73113
2025-06-03,536.0,538.0,545.5,531.75,80640
2025-06-02,539.0,534.0,549.5,533.25,82568
2025-05-30,534.0,534.25,538.5,531.25,49023
2025-05-29,534.0,533.0,534.75,527.25,48247
2025-05-28,530.25,531.0,535.75,526.75,60152
2025-05-27,528.5,543.5,544.0,527.5,66898
2025-05-23,542.5,545.0,548.5,538.5,61665
2025-05-22,544.5,548.25,552.0,541.25,85214
2025-05-21,549.25,546.0,556.25,545.0,85813
2025-05-20,546.0,530.0,547.5,528.75,86585
2025-05-19,529.0,527.0,536.0,524.5,64286
2025-05-16,525.0,533.5,533.5,523.5,49356
2025-05-15,532.75,524.5,533.25,521.75,69748
2025-05-14,508.75,508.75,508.75,508.75,62950
2025-05-13,501.5,501.5,501.5,501.5,19
2025-05-12,499.0,499.0,499.0,499.0,16
2025-05-09,505.5,505.5,505.5,505.5,6
2025-05-08,513.0,511.25,513.0,511.0,10
2025-05-07,518.0,517.0,518.5,517.0,82
2025-05-06,519.0,520.5,520.5,519.0,19
2025-05-05,514.25,525.25,525.25,514.25,4
2025-05-02,526.5,520.75,530.75,520.75,103
2025-05-01,515.25,518.75,523.5,515.0,706
2025-04-30,513.0,507.25,520.0,505.0,1204
2025-04-29,505.75,518.0,521.0,505.0,20109
2025-04-28,515.5,529.0,529.0,511.5,32411
2025-04-25,530.0,529.5,534.75,527.5,30800
2025-04-24,529.25,528.75,530.5,524.25,25897
2025-04-23,528.25,535.75,537.5,527.75,29029
2025-04-22,535.5,540.0,540.75,531.5,31592
2025-04-21,538.5,549.25,552.75,537.25,24733
2025-04-17,548.75,548.25,555.75,548.0,40697
2025-04-16,547.75,542.75,550.5,537.0,59640
2025-04-15,542.0,547.5,551.0,540.25,65960
2025-04-14,547.5,553.0,555.25,542.75,78608
2025-04-11,555.75,537.5,556.75,536.5,123039
2025-04-10,538.0,543.75,547.5,534.5,112107
2025-04-09,542.25,539.75,546.0,536.5,85229
2025-04-08,540.0,537.5,545.75,533.75,92716
2025-04-07,536.5,530.75,546.5,525.75,96849
2025-04-04,529.0,536.75,539.5,520.5,82626
2025-04-03,536.0,526.75,542.0,525.25,80918
2025-04-02,539.25,541.75,543.0,532.5,58991
2025-04-01,540.5,539.0,544.0,533.25,62409
2025-03-31,537.0,529.5,539.25,523.5,83018
2025-03-28,528.25,531.75,533.0,517.5,81818
2025-03-27,532.0,536.25,537.25,526.5,73561
2025-03-26,535.25,544.0,545.75,535.0,57623
2025-03-25,543.25,548.0,549.5,541.0,57054
2025-03-24,548.25,561.25,563.0,545.25,53647
2025-03-21,558.25,557.75,563.0,553.25,47008
2025-03-20,557.25,565.25,568.0,552.25,62329
2025-03-19,563.5,564.25,568.5,558.0,62175
2025-03-18,565.0,568.75,574.75,563.5,64451
2025-03-17,568.5,559.0,575.25,559.0,78721
2025-03-14,545.75,545.75,545.75,545.75,60916
2025-03-13,547.25,549.0,551.25,547.25,15
2025-03-12,538.75,534.0,538.75,534.0,3
2025-03-11,541.0,543.75,544.0,541.0,16
2025-03-10,545.25,548.25,548.25,545.0,12
2025-03-07,533.75,533.75,533.75,533.75,13
2025-03-06,537.0,537.0,537.0,537.0,8
2025-03-05,530.75,534.5,534.5,530.0,2
2025-03-04,518.5,516.0,518.75,515.5,30
2025-03-03,532.0,545.5,545.75,532.0,77
2025-02-28,537.0,547.25,554.5,537.0,551
2025-02-27,546.75,566.0,566.5,544.0,9609
2025-02-26,566.0,574.25,577.25,563.75,23733
2025-02-25,572.75,578.75,581.0,564.5,30844
2025-02-24,579.0,589.5,589.5,574.75,27710
2025-02-21,590.0,585.5,593.0,585.25,40506
2025-02-20,585.5,592.0,595.5,583.5,37056
2025-02-19,592.0,605.0,608.25,588.5,64134
2025-02-18,604.75,598.25,609.0,593.25,93045
2025-02-14,600.0,577.25,602.75,577.25,103503
2025-02-13,577.75,574.0,581.0,571.5,91309
2025-02-12,574.25,576.25,584.5,572.75,113048
2025-02-11,577.0,579.0,588.0,575.75,110234
2025-02-10,579.5,581.25,586.0,576.25,105426
2025-02-07,582.75,587.75,592.5,579.75,106334
2025-02-06,587.75,572.25,588.75,566.5,109406
2025-02-05,572.25,577.25,584.25,569.5,108673
2025-02-04,577.0,566.5,579.0,558.0,89542
2025-02-03,566.75,555.0,573.75,550.5,90750
2025-01-31,559.5,569.0,569.0,551.75,87916
2025-01-30,566.5,560.75,569.75,559.0,96799
2025-01-29,562.5,544.5,564.75,544.5,90600
2025-01-28,545.25,535.75,548.5,533.5,77116
2025-01-27,535.5,543.0,543.0,532.0,68354
2025-01-24,544.0,550.0,552.25,541.25,81676
2025-01-23,554.0,554.0,559.0,548.0,64143
2025-01-22,554.0,558.5,566.75,551.5,91512
2025-01-21,558.75,542.0,561.75,542.0,112879
2025-01-17,538.75,537.5,542.0,533.25,50291
2025-01-16,537.5,547.0,547.0,536.75,52990
2025-01-15,547.0,546.75,551.5,542.0,56045
2025-01-14,546.25,546.25,552.25,542.75,70102
2025-01-13,545.0,530.5,545.75,528.5,84277
2025-01-10,530.75,533.0,541.25,526.0,104604
2025-01-09,534.0,535.5,539.25,529.25,45711
2025-01-08,536.25,542.75,544.75,534.5,58097
2025-01-07,542.5,540.5,544.25,535.25,46902
2025-01-06,540.5,530.25,543.75,530.25,64942
2025-01-03,529.25,545.5,547.0,527.5,87535
2025-01-02,545.75,551.75,552.75,542.5,44332
2024-12-31,551.5,548.75,552.75,546.75,33827
2024-12-30,548.25,547.25,554.75,544.5,46874
2024-12-27,546.5,542.0,547.75,537.25,43052
2024-12-26,541.0,534.75,544.0,533.75,28461
2024-12-24,534.75,539.5,541.5,533.5,25215
2024-12-23,540.5,533.0,544.0,533.0,57507
2024-12-20,533.0,532.5,537.25,529.25,55084
2024-12-19,533.0,541.0,541.75,530.5,87290
2024-12-18,541.25,545.0,554.25,540.0,63252
2024-12-17,545.0,550.75,552.5,542.5,72661
2024-12-16,550.0,552.25,559.25,548.5,68005
2024-12-13,526.5,526.5,526.5,526.5,49134
2024-12-12,538.75,535.0,538.75,533.25,24
2024-12-11,543.5,544.0,552.5,543.5,56
2024-12-10,542.0,545.0,545.0,542.0,2
2024-12-09,541.25,541.25,541.25,541.25,10
2024-12-06,542.5,544.75,546.0,542.5,27
2024-12-05,546.75,537.5,546.75,535.5,22
2024-12-04,538.0,537.25,541.0,535.75,43
2024-12-03,536.75,539.0,544.75,536.75,47
2024-12-02,537.5,536.25,539.5,531.25,63
2024-11-29,532.25,535.0,545.25,531.75,1246
2024-11-27,537.75,538.25,542.75,531.0,18864
2024-11-26,539.5,535.75,543.5,532.75,34123
2024-11-25,535.75,544.75,547.5,529.5,30009
2024-11-22,544.25,548.0,550.5,542.5,36559
2024-11-21,548.75,552.5,557.5,547.75,34966
2024-11-20,552.5,549.5,555.25,543.5,41277
2024-11-19,549.75,547.75,558.75,545.5,57490
2024-11-18,547.25,541.0,551.0,536.75,68144
2024-11-15,536.5,532.0,541.25,530.5,73593
2024-11-14,530.25,540.0,544.25,528.0,89913
2024-11-13,541.0,553.25,553.75,536.25,113238
2024-11-12,552.25,564.75,568.75,549.0,105727
2024-11-11,565.5,572.75,572.75,551.75,125709
2024-11-08,572.5,572.5,578.75,566.5,112145
2024-11-07,571.5,574.5,579.5,565.0,105864
2024-11-06,573.25,571.0,577.75,562.0,67945
2024-11-05,572.5,569.5,574.5,565.25,58641
2024-11-04,568.75,569.0,575.75,565.0,55475
2024-11-01,568.0,571.5,577.75,564.25,54164
2024-10-31,570.5,572.75,573.75,563.5,61593
2024-10-30,573.25,571.25,580.5,564.0,68179
2024-10-29,570.5,559.0,572.75,558.0,67415
2024-10-28,558.75,564.25,571.5,557.75,61302
2024-10-25,569.0,581.25,585.5,566.0,75987
2024-10-24,581.5,579.0,584.25,575.0,49883
2024-10-23,578.5,575.75,582.75,566.25,57247
2024-10-22,576.0,574.0,578.75,565.75,49868
2024-10-21,572.25,572.75,584.25,570.75,74088
2024-10-18,572.75,590.0,595.5,570.25,82026
2024-10-17,589.5,584.25,591.75,576.25,75298
2024-10-16,585.0,581.25,587.5,575.25,57508
2024-10-15,579.5,585.5,586.75,578.0,69756
2024-10-14,585.25,598.5,601.0,584.25,55970
2024-10-11,599.0,603.75,611.25,592.5,75587
2024-10-10,603.75,600.75,609.25,598.5,60990
2024-10-09,599.0,594.75,604.75,594.25,55193
2024-10-08,594.75,593.75,599.0,587.5,59037
2024-10-07,592.5,590.25,595.25,584.0,55580
2024-10-04,589.75,603.75,604.25,587.0,76333
2024-10-03,603.5,614.25,617.25,601.25,78992
2024-10-02,615.25,596.25,617.25,596.25,116431
2024-10-01,599.0,584.0,602.5,577.0,84582
2024-09-30,584.0,579.75,590.75,575.5,58874
2024-09-27,580.0,583.0,583.5,575.5,46189
2024-09-26,584.25,590.5,596.25,582.75,69058
2024-09-25,589.25,579.0,591.25,573.75,52959
2024-09-24,578.0,581.25,589.25,575.25,52268
2024-09-23,582.5,570.5,586.5,569.0,63331
2024-09-20,568.5,566.25,575.75,565.25,60486
2024-09-19,565.5,575.75,577.25,564.0,51648
2024-09-18,575.75,576.0,582.75,573.0,47041
2024-09-17,575.75,578.5,584.25,571.25,45713
2024-09-16,578.5,594.75,596.0,574.25,80580
2024-09-13,571.25,571.25,571.25,571.25,89761
2024-09-12,563.0,563.0,563.0,563.0,2
2024-09-11,563.75,563.75,563.75,563.75,7
2024-09-10,558.75,554.75,558.75,554.75,7
2024-09-09,555.5,555.5,555.5,555.5,429
2024-09-06,553.25,565.75,565.75,552.25,429
2024-09-05,561.0,565.5,565.5,557.0,118
2024-09-04,565.25,551.5,568.75,551.5,156
2024-09-03,552.0,531.5,552.0,530.5,426
2024-08-30,532.75,522.5,534.75,522.5,830
2024-08-29,525.0,513.0,525.0,508.25,12493
2024-08-28,514.25,507.0,516.0,505.5,19344
2024-08-27,508.25,497.25,510.75,493.5,31510
2024-08-26,498.0,505.25,506.0,495.5,39317
2024-08-23,502.25,512.0,513.75,501.25,48966
2024-08-22,511.0,521.25,524.0,502.5,44564
2024-08-21,519.75,533.75,536.5,519.0,35065
2024-08-20,533.0,528.0,535.5,525.75,43754
2024-08-19,528.25,530.5,531.25,521.75,46025
2024-08-16,530.0,527.25,533.5,523.25,52852
2024-08-15,528.25,535.75,547.75,527.0,69556
2024-08-14,534.75,529.25,537.25,524.0,84253
2024-08-13,528.75,538.0,538.25,525.0,67772
2024-08-12,536.75,542.75,547.0,528.0,84754
2024-08-09,542.5,537.25,552.0,536.25,82400
2024-08-08,537.5,537.75,544.5,532.5,67628
2024-08-07,538.25,544.0,548.75,534.75,79911
2024-08-06,543.25,540.0,548.75,531.5,59182
2024-08-05,539.5,540.25,541.5,519.75,60219
2024-08-02,539.0,532.0,540.5,528.5,51484
2024-08-01,532.0,526.75,534.75,519.75,56989
2024-07-31,527.25,523.0,534.0,515.5,60814
2024-07-30,524.0,528.75,529.5,517.0,50329
2024-07-29,531.0,523.5,532.75,514.25,53527
2024-07-26,523.5,537.0,541.25,522.0,56593
2024-07-25,537.75,546.75,549.75,536.25,44805
2024-07-24,547.0,542.5,555.5,537.25,51655
2024-07-23,542.75,547.75,552.0,540.5,41164
2024-07-22,548.0,545.25,553.5,540.25,48547
2024-07-19,542.75,534.75,556.25,530.5,67049
2024-07-18,535.25,540.75,546.5,533.0,50518
2024-07-17,539.25,530.5,546.5,528.0,52555
2024-07-16,530.75,531.25,537.5,525.25,63371
2024-07-15,532.5,551.0,552.5,531.0,76571
2024-07-12,538.0,538.0,538.0,538.0,79921
2024-07-11,554.25,543.5,561.25,543.5,30
2024-07-10,543.5,542.0,547.25,542.0,84
2024-07-09,554.25,554.25,554.25,554.25,49
2024-07-08,553.0,552.25,553.0,552.25,73
2024-07-05,572.25,573.0,573.0,572.25,127
2024-07-03,554.5,563.75,563.75,554.5,193
2024-07-02,561.5,562.0,562.0,561.5,283
2024-07-01,569.25,556.5,569.25,552.75,339
2024-06-28,553.5,559.25,565.0,547.0,1450
2024-06-27,559.75,540.5,562.5,539.5,18205
2024-06-26,541.25,539.75,552.75,538.0,19701
2024-06-25,541.75,552.5,556.0,539.75,29811
2024-06-24,552.5,562.0,563.0,546.5,36639
2024-06-21,561.5,571.25,579.25,557.75,67572
2024-06-20,572.75,582.0,582.75,565.5,66902
2024-06-18,582.0,590.0,595.25,580.0,59959
2024-06-17,591.5,607.75,610.25,590.25,71030
2024-06-14,612.75,618.25,622.5,611.0,73733
2024-06-13,620.0,614.5,627.25,612.5,77149
2024-06-12,617.0,626.0,627.75,610.5,84288
2024-06-11,626.5,606.75,633.0,605.5,132289
2024-06-10,607.5,626.0,627.0,606.25,119712
2024-06-07,627.5,639.5,639.5,618.25,131164
2024-06-06,639.5,649.75,654.0,638.25,83045
2024-06-05,646.75,659.25,664.25,642.75,84832
2024-06-04,658.25,672.5,681.25,657.75,82162
2024-06-03,672.75,678.0,697.75,667.5,84111
2024-05-31,678.5,680.5,691.5,673.75,54291
2024-05-30,681.0,692.75,693.75,673.25,68977
2024-05-29,692.75,701.5,706.25,688.5,63288
2024-05-28,700.25,713.0,720.0,693.75,73681
2024-05-24,697.25,701.25,706.0,689.0,70621
2024-05-23,698.0,694.0,702.5,682.5,68180
2024-05-22,693.0,697.25,716.75,688.5,89819
2024-05-21,697.5,687.5,700.75,682.0,88258
2024-05-20,688.75,654.0,691.25,654.0,93314
2024-05-17,651.25,662.5,676.5,650.25,62410
2024-05-16,663.25,664.25,681.5,656.75,68479
2024-05-15,665.75,674.25,697.0,662.25,89540
2024-05-14,657.0,657.0,657.0,657.0,86543
2024-05-13,670.25,648.0,670.25,645.75,33
2024-05-10,645.75,645.25,647.0,645.25,57
2024-05-09,619.75,624.25,624.25,619.75,125
2024-05-08,616.0,616.0,616.0,616.0,20
2024-05-07,624.75,635.0,635.0,624.75,52
2024-05-06,632.25,627.5,632.25,627.5,148
2024-05-03,606.0,606.0,606.0,606.0,226
2024-05-02,586.5,592.75,592.75,580.75,67
2024-05-01,581.5,580.25,582.25,579.0,505
2024-04-30,585.0,587.0,587.0,577.75,1411
2024-04-29,590.25,595.75,604.75,582.75,17080
2024-04-26,603.25,602.0,614.5,598.25,28595
2024-04-25,602.25,594.0,605.0,593.5,25972
2024-04-24,594.5,583.25,598.5,578.75,27546
2024-04-23,585.0,572.0,586.0,565.75,42554
2024-04-22,570.25,549.0,579.5,548.75,50920
2024-04-19,550.25,536.75,558.75,536.0,29394
2024-04-18,536.75,538.0,544.0,534.25,35421
2024-04-17,537.0,550.5,555.0,536.0,38898
2024-04-16,549.75,550.75,557.0,542.5,53008
2024-04-15,551.75,555.25,556.0,544.25,46713
2024-04-12,556.0,552.5,562.5,549.5,63720
2024-04-11,551.75,558.0,559.75,548.25,73571
2024-04-10,558.5,558.5,567.25,555.75,68514
2024-04-09,557.75,563.0,564.25,553.5,73159
2024-04-08,565.75,570.25,573.75,559.5,90126
2024-04-05,567.25,556.0,574.75,555.0,106580
2024-04-04,556.25,556.0,562.5,549.5,61299
2024-04-03,556.0,545.0,559.75,540.25,58686
2024-04-02,545.25,557.5,562.75,543.5,64529
2024-04-01,557.0,562.0,562.75,547.25,43697
2024-03-28,560.25,546.5,568.5,544.5,72671
2024-03-27,547.5,543.25,549.5,538.5,40131
2024-03-26,543.5,555.0,557.5,542.75,39839
2024-03-25,555.0,559.0,567.0,549.5,63147
2024-03-22,554.75,548.5,559.25,539.5,58439
2024-03-21,546.75,546.0,552.5,540.25,43716
2024-03-20,545.0,551.75,553.0,537.0,52836
2024-03-19,552.5,542.75,553.75,539.0,52072
2024-03-18,542.75,531.25,544.0,527.0,57975
2024-03-15,528.5,532.0,537.5,526.75,40453
2024-03-14,519.5,519.5,519.5,519.5,60596
2024-03-13,532.25,534.5,535.25,532.25,18
2024-03-12,535.5,541.0,544.75,535.5,40
2024-03-11,537.5,526.75,537.5,526.0,25
2024-03-08,526.75,528.5,528.5,526.75,15
2024-03-07,520.75,526.5,526.5,520.75,251
2024-03-06,521.25,519.75,521.25,519.75,206
2024-03-05,545.75,554.75,554.75,545.75,31
2024-03-04,563.5,564.0,564.0,563.5,113
2024-03-01,560.0,577.75,577.75,558.25,549
2024-02-29,577.5,570.0,582.0,567.0,1253
2024-02-28,571.0,586.5,588.0,569.75,13393
2024-02-27,586.0,576.0,591.75,575.5,15959
2024-02-26,577.25,573.5,578.75,562.0,23795
2024-02-23,573.5,584.75,592.5,572.5,30814
2024-02-22,583.25,582.0,600.0,579.75,40227
2024-02-21,583.25,581.75,584.75,574.0,35041
2024-02-20,582.75,558.5,585.0,555.25,53102
2024-02-16,560.5,566.0,571.75,556.75,53034
2024-02-15,567.0,585.75,585.75,565.25,79696
2024-02-14,585.5,597.25,597.75,577.5,84588
2024-02-13,597.5,597.0,603.5,592.25,82483
2024-02-12,597.5,596.25,603.0,588.5,69031
2024-02-09,596.75,591.25,605.5,588.0,100815
2024-02-08,588.5,601.25,602.0,583.75,78673
2024-02-07,602.0,594.75,606.75,590.75,79577
2024-02-06,595.0,590.5,597.5,588.0,47583
2024-02-05,590.25,600.0,601.75,586.75,51236
2024-02-02,599.75,601.5,611.5,595.75,66721
2024-02-01,601.5,595.25,603.0,587.0,62577
2024-01-31,595.25,605.0,605.0,591.75,43147
2024-01-30,605.5,593.5,606.75,584.5,51993
2024-01-29,593.5,601.25,601.75,587.5,41478
2024-01-26,600.25,612.0,614.0,592.25,69590
2024-01-25,612.25,611.5,617.25,606.5,54705
2024-01-24,610.75,598.0,612.25,596.5,56703
2024-01-23,596.5,596.0,606.75,593.75,42176
2024-01-22,596.5,593.5,600.25,587.0,36371
2024-01-19,593.25,586.25,598.0,584.75,48393
2024-01-18,585.5,583.5,587.0,573.25,50947
2024-01-17,582.5,581.5,595.75,577.75,69550
2024-01-16,582.0,596.0,602.25,576.75,61371
2024-01-12,596.0,604.0,611.75,587.25,82712
2024-01-11,603.75,610.0,614.75,602.0,38907
2024-01-10,610.75,610.25,612.0,603.75,40391
2024-01-09,610.0,596.0,613.75,594.0,57128
2024-01-08,596.25,617.0,617.25,593.0,70376
2024-01-05,616.0,613.0,621.5,611.5,43101
2024-01-04,613.5,601.5,614.5,591.25,63693
2024-01-03,600.25,608.0,609.75,598.25,63996
2024-01-02,606.75,628.75,628.75,604.75,61472
2023-12-29,628.0,631.0,633.5,621.5,34752
2023-12-28,631.5,624.25,636.25,621.75,32254
2023-12-27,623.0,636.0,637.5,619.25,38063
2023-12-26,636.25,615.0,639.75,611.5,40674
2023-12-22,616.25,612.5,618.25,610.75,26134
2023-12-21,612.5,611.5,617.25,610.25,33648
2023-12-20,610.0,622.5,625.25,609.0,39373
2023-12-19,622.75,618.25,624.25,611.25,42919
2023-12-18,617.0,629.75,632.0,614.75,43591
2023-12-15,629.25,616.0,630.0,610.75,52711
2023-12-14,594.0,594.0,594.0,594.0,46870
2023-12-13,585.25,585.25,585.25,585.25,214
2023-12-12,607.0,607.0,607.0,607.0,145
2023-12-11,591.25,591.25,591.25,591.25,198
2023-12-08,615.0,618.75,619.0,615.0,17
2023-12-07,626.0,622.75,626.0,622.75,93
2023-12-06,615.75,625.75,634.0,615.75,50
2023-12-05,620.75,601.0,620.75,597.75,582
2023-12-04,595.75,583.0,595.75,583.0,371
2023-12-01,577.0,569.25,577.5,569.25,665
2023-11-30,570.25,557.5,570.25,555.5,1556
2023-11-29,556.0,544.5,559.0,542.75,19771
2023-11-28,543.75,534.0,545.5,528.0,31630
2023-11-27,534.25,550.0,552.75,527.5,41484
2023-11-24,548.75,555.0,555.75,546.5,26202
2023-11-22,555.75,556.0,563.5,554.5,29106
2023-11-21,555.0,544.0,557.0,541.75,43240
2023-11-20,543.5,550.75,554.0,541.0,42772
2023-11-17,550.75,555.75,557.75,547.0,51395
2023-11-16,553.5,562.25,562.5,547.0,57404
2023-11-15,560.5,572.75,579.25,557.0,83309
2023-11-14,572.0,581.0,585.0,570.25,65166
2023-11-13,579.0,575.0,582.0,567.25,80609
2023-11-10,575.25,581.75,583.0,570.75,68735
2023-11-09,580.75,590.0,592.5,573.0,85078
2023-11-08,592.25,571.5,598.75,570.25,144369
2023-11-07,570.25,574.0,582.25,564.5,106304
2023-11-06,575.75,573.0,577.75,566.5,68699
2023-11-03,572.5,565.75,574.5,563.75,41970
2023-11-02,565.5,562.25,569.5,557.25,53492
2023-11-01,561.75,557.5,564.75,554.75,58783
2023-10-31,556.25,568.25,568.5,554.5,72016
2023-10-30,566.0,576.0,577.0,565.25,60510
2023-10-27,575.5,580.25,582.5,571.0,48608
2023-10-26,579.5,569.25,580.5,563.25,72437
2023-10-25,568.5,580.0,586.25,567.0,57951
2023-10-24,580.5,587.75,588.0,572.75,47630
2023-10-23,587.25,586.5,595.25,582.0,48387
2023-10-20,586.0,594.0,604.5,583.25,81524
2023-10-19,594.0,579.75,594.5,576.5,65379
2023-10-18,580.25,572.5,584.0,571.25,52739
2023-10-17,570.5,577.0,582.25,568.5,53405
2023-10-16,577.25,580.0,588.5,575.25,56769
2023-10-13,579.75,572.0,586.25,569.5,87479
2023-10-12,571.5,557.25,574.5,547.25,83008
2023-10-11,556.0,559.0,560.75,551.0,43895
2023-10-10,558.5,573.75,574.75,555.5,48419
2023-10-09,572.75,573.25,581.5,570.0,46092
2023-10-06,568.25,576.0,580.25,566.5,50140
2023-10-05,578.25,559.75,580.25,559.0,69807
2023-10-04,560.0,567.5,569.75,551.75,66479
2023-10-03,568.5,568.25,575.0,562.75,75409
2023-10-02,564.75,545.0,567.0,541.25,96364
2023-09-29,541.5,579.5,585.5,540.0,123780
2023-09-28,578.75,580.5,583.5,575.25,43969
2023-09-27,579.5,589.25,594.5,578.5,55807
2023-09-26,589.0,589.0,596.75,583.25,48882
2023-09-25,589.0,577.0,590.0,573.75,44697
2023-09-22,579.5,576.5,582.5,572.75,45559
2023-09-21,575.75,589.0,590.25,575.0,50330
2023-09-20,588.75,585.25,596.25,581.5,63637
2023-09-19,584.0,588.0,592.75,581.0,58587
2023-09-18,591.25,604.0,604.25,587.0,64919
2023-09-15,604.25,594.25,607.5,591.75,65394
2023-09-14,567.5,567.5,567.5,567.5,55236
2023-09-13,569.0,562.5,569.0,562.5,42
2023-09-12,560.25,557.25,560.25,548.0,167
2023-09-11,556.0,561.5,561.5,556.0,189
2023-09-08,567.25,567.25,567.25,567.25,50
2023-09-07,571.5,578.25,585.0,571.5,152
2023-09-06,581.0,577.5,587.0,576.5,309
2023-09-05,572.5,569.25,575.0,567.0,104
2023-09-01,567.5,574.0,585.0,567.5,725
2023-08-31,573.0,574.0,582.75,566.0,1699
2023-08-30,576.75,572.75,579.5,564.5,12815
2023-08-29,569.75,588.0,589.0,568.75,27766
2023-08-28,588.0,593.5,599.25,584.0,21644
2023-08-25,593.25,604.5,609.75,587.5,28997
2023-08-24,604.0,614.75,615.0,598.25,21786
2023-08-23,612.5,604.25,617.0,598.25,22591
2023-08-22,601.75,599.0,610.75,594.5,26011
2023-08-21,599.25,618.0,620.75,595.75,24478
2023-08-18,613.25,589.0,615.75,588.5,32904
2023-08-17,589.5,599.75,601.25,586.25,31435
2023-08-16,597.75,598.75,607.5,591.5,41338
2023-08-15,598.5,618.5,619.0,595.75,52402
2023-08-14,616.0,632.75,635.0,605.25,56037
2023-08-11,626.75,638.0,639.75,624.25,72254
2023-08-10,637.75,637.25,644.0,635.0,67426
2023-08-09,635.0,655.5,658.25,633.5,70504
2023-08-08,656.25,657.5,662.25,643.0,81628
2023-08-07,657.5,646.0,663.75,636.0,104532
2023-08-04,633.0,627.75,653.75,627.25,70991
2023-08-03,627.0,639.25,648.25,626.25,65703
2023-08-02,640.0,654.5,684.0,636.0,90376
2023-08-01,652.25,670.0,675.0,643.25,69422
2023-07-31,665.75,702.5,703.0,660.25,104577
2023-07-28,704.25,714.75,720.25,689.0,74606
2023-07-27,712.75,723.25,740.0,711.75,75102
2023-07-26,720.0,757.0,757.5,709.0,105761
2023-07-25,760.25,754.25,777.25,736.5,107919
2023-07-24,757.5,702.0,757.5,698.75,96764
2023-07-21,697.5,724.75,733.25,693.5,95069
2023-07-20,727.0,725.0,750.75,711.25,136382
2023-07-19,727.75,669.0,730.75,664.0,148746
2023-07-18,670.75,649.25,675.0,642.25,54946
2023-07-17,653.75,666.0,689.25,651.0,73578
2023-07-14,641.5,641.5,641.5,641.5,55640
2023-07-13,627.5,614.25,627.5,614.25,24
2023-07-12,621.25,645.0,645.0,621.25,12
2023-07-11,649.5,645.0,650.0,642.75,119
2023-07-10,636.25,641.75,645.75,636.25,23
2023-07-07,639.5,642.75,646.75,639.5,57
2023-07-06,647.0,654.5,654.75,640.75,194
2023-07-05,662.0,640.0,662.0,635.0,288
2023-07-03,628.5,630.0,642.25,628.25,694
2023-06-30,636.25,654.0,663.75,634.25,1368
2023-06-29,653.0,655.5,663.75,650.75,13944
2023-06-28,655.75,684.75,692.5,653.25,19744
2023-06-27,685.0,724.25,725.75,681.5,21844
2023-06-26,724.25,734.25,756.75,719.0,37363
2023-06-23,733.25,737.0,737.75,718.75,52472
2023-06-22,739.0,730.25,747.0,725.5,49752
2023-06-21,734.5,700.5,735.5,699.25,59228
2023-06-20,695.75,687.0,700.0,676.25,76040
2023-06-16,688.0,659.75,697.0,656.0,99940
2023-06-15,661.5,629.0,665.25,628.25,72093
2023-06-14,630.25,638.0,639.0,625.0,70761
2023-06-13,636.25,634.5,649.25,626.75,106163
2023-06-12,633.75,629.75,638.75,622.25,91968
2023-06-09,630.25,624.5,632.25,618.5,113037
2023-06-08,626.25,616.0,629.0,611.25,98911
2023-06-07,616.75,626.5,635.5,613.25,89270
2023-06-06,627.75,624.25,648.0,621.25,113883
2023-06-05,624.0,621.5,631.5,615.5,69485
2023-06-02,619.0,610.25,622.5,602.25,69362
2023-06-01,610.75,594.25,617.5,593.0,80028
2023-05-31,594.25,591.5,595.0,573.25,73773
2023-05-30,591.0,616.75,616.75,588.75,74481
2023-05-26,616.0,606.0,618.5,602.5,48350
2023-05-25,604.25,607.0,616.5,599.0,53306
2023-05-24,606.25,621.0,624.5,602.25,61465
2023-05-23,622.25,607.5,624.75,594.25,57431
2023-05-22,606.25,607.75,613.75,596.25,60942
2023-05-19,605.0,611.0,620.75,602.0,62743
2023-05-18,611.75,626.25,626.5,605.5,59509
2023-05-17,625.5,646.75,654.25,616.0,98456
2023-05-16,647.5,661.75,664.25,640.0,62562
2023-05-15,660.75,635.0,663.75,632.5,67502
2023-05-12,624.5,624.5,624.5,624.5,74154
2023-05-11,614.25,617.5,617.5,614.25,22
2023-05-10,628.25,628.25,628.25,628.25,42
2023-05-09,630.5,628.0,630.5,628.0,8
2023-05-08,641.0,647.5,647.5,641.0,24
2023-05-05,647.0,647.0,647.0,647.0,78
2023-05-04,631.5,624.0,631.5,624.0,187
2023-05-03,626.25,596.0,626.25,596.0,352
2023-05-02,595.5,612.0,612.75,595.5,406
2023-05-01,603.75,620.0,620.0,599.5,1106
2023-04-28,619.75,611.75,623.0,610.25,1022
2023-04-27,614.75,628.75,630.75,610.5,18402
2023-04-26,627.25,639.75,643.0,626.5,18041
2023-04-25,638.75,643.5,646.75,628.25,26652
2023-04-24,643.5,669.25,669.5,643.25,25969
2023-04-21,661.75,667.75,673.25,658.0,34367
2023-04-20,667.75,683.0,684.75,666.5,36941
2023-04-19,681.75,699.0,699.0,680.75,31370
2023-04-18,698.0,693.5,707.0,689.25,44586
2023-04-17,696.5,686.25,697.0,674.5,71093
2023-04-14,682.5,668.75,685.25,661.25,81450
2023-04-13,667.0,680.75,680.75,664.5,91658
2023-04-12,679.5,673.0,683.75,673.0,111542
2023-04-11,674.0,680.25,686.0,666.25,114948
2023-04-10,678.5,684.5,687.5,668.25,67549
2023-04-06,675.5,682.25,685.0,671.25,0
2023-04-05,682.0,693.0,693.25,675.0,56289
2023-04-04,691.5,697.0,701.5,688.0,44904
2023-04-03,693.5,697.0,710.0,691.5,51071
2023-03-31,692.25,692.5,701.25,681.0,58011
2023-03-30,692.25,705.25,710.0,690.25,45510
2023-03-29,704.75,698.25,724.0,696.5,77189
2023-03-28,699.75,698.5,704.75,691.5,51076
2023-03-27,698.0,691.0,706.5,680.25,58958
2023-03-24,688.5,660.25,700.5,656.25,114498
2023-03-23,662.0,663.0,675.5,657.25,56070
2023-03-22,663.5,682.5,684.0,654.0,89216
2023-03-21,683.25,700.0,705.5,680.25,68061
2023-03-20,700.75,708.5,708.5,695.25,61276
2023-03-17,710.5,697.25,712.5,697.25,58006
2023-03-16,699.0,704.0,704.0,691.5,43894
2023-03-15,702.75,697.25,706.0,692.75,50727
2023-03-14,686.5,686.5,686.5,686.5,57958
2023-03-13,672.25,660.5,672.25,660.5,30
2023-03-10,666.75,662.25,666.75,662.25,42
2023-03-09,653.5,653.5,653.5,653.5,42
2023-03-08,674.5,674.5,674.5,674.5,30
2023-03-07,684.75,684.75,684.75,684.75,64
2023-03-06,682.5,690.75,692.25,682.5,20
2023-03-03,695.75,698.75,698.75,695.75,132
2023-03-02,701.25,702.5,706.5,701.25,170
2023-03-01,697.0,691.25,698.75,691.25,213
2023-02-28,691.5,694.0,699.5,687.0,1970
2023-02-27,696.0,708.25,710.0,691.25,24587
2023-02-24,708.25,740.5,741.0,703.0,29656
2023-02-23,738.25,735.5,745.0,734.25,29844
2023-02-22,736.5,751.75,754.0,733.0,38925
2023-02-21,750.5,765.75,773.25,749.5,49781
2023-02-17,765.5,765.0,771.5,759.5,32055
2023-02-16,765.0,767.5,771.5,762.25,34054
2023-02-15,769.25,786.0,787.25,766.75,55479
2023-02-14,786.0,790.0,797.5,783.5,64638
2023-02-13,792.0,789.0,796.0,776.0,88266
2023-02-10,786.0,755.0,790.0,755.0,109946
2023-02-09,757.25,764.75,770.5,754.75,75196
2023-02-08,764.75,750.0,766.0,747.75,90201
2023-02-07,749.75,750.0,757.0,744.25,70662
2023-02-06,750.25,758.0,766.5,745.5,56431
2023-02-03,756.75,759.75,776.5,750.75,72367
2023-02-02,761.0,757.5,770.75,750.5,59106
2023-02-01,759.75,760.75,762.5,744.5,60025
2023-01-31,761.25,752.5,766.75,742.0,59637
2023-01-30,752.5,753.0,762.5,743.5,43812
2023-01-27,750.0,752.25,753.25,744.25,41125
2023-01-26,752.5,741.0,758.0,738.0,47206
2023-01-25,741.25,735.0,746.5,734.75,41249
2023-01-24,734.5,720.5,739.0,719.75,44243
2023-01-23,720.0,738.0,740.5,712.5,63999
2023-01-20,741.5,735.0,743.0,727.75,35444
2023-01-19,734.5,741.75,748.75,733.5,39217
2023-01-18,742.5,749.0,760.25,740.25,45150
2023-01-17,751.75,742.5,755.75,728.75,48648
2023-01-13,743.75,743.5,748.5,737.25,34226
2023-01-12,742.75,739.0,747.25,723.0,64694
2023-01-11,740.0,730.25,742.25,724.5,37156
2023-01-10,731.0,741.25,742.5,720.5,59339
2023-01-09,741.5,748.0,758.0,740.25,45486
2023-01-06,743.5,748.5,756.75,742.5,28671
2023-01-05,746.75,746.0,752.0,736.0,36793
2023-01-04,745.5,780.5,780.5,744.25,51975
2023-01-03,775.5,786.0,794.5,769.75,50138
2022-12-30,792.0,775.5,799.0,771.5,34784
2022-12-29,774.0,785.0,786.5,765.5,35941
2022-12-28,785.5,774.5,787.5,770.75,33179
2022-12-27,774.5,781.25,784.5,769.0,28358
2022-12-23,776.0,762.0,778.0,758.0,25952
2022-12-22,762.25,766.75,777.0,758.0,34649
2022-12-21,767.75,750.0,774.5,748.75,52904
2022-12-20,750.5,747.25,761.5,744.75,38339
2022-12-19,748.5,755.0,759.75,738.75,39778
2022-12-16,753.5,758.25,764.25,750.75,32613
2022-12-15,757.25,749.75,767.0,745.0,51207
2022-12-14,728.25,728.25,728.25,728.25,41587
2022-12-13,728.75,741.0,742.5,728.75,103
2022-12-12,733.0,733.0,733.0,733.0,262
2022-12-09,712.75,712.75,712.75,712.75,53
2022-12-08,724.25,721.0,726.75,721.0,232
2022-12-07,727.0,727.25,728.75,727.0,409
2022-12-06,705.5,715.75,715.75,702.5,236
2022-12-05,715.5,730.5,730.5,715.5,129
2022-12-02,737.25,750.0,750.0,737.25,516
2022-12-01,758.75,767.5,767.5,757.25,841
2022-11-30,771.5,760.0,772.75,757.25,2247
2022-11-29,757.75,755.5,769.0,753.75,16739
2022-11-28,756.75,771.25,774.25,750.25,41776
2022-11-25,775.5,790.75,799.75,771.0,22496
2022-11-23,793.5,791.75,797.5,781.25,21445
2022-11-22,791.5,799.0,806.75,790.0,22214
2022-11-21,799.25,805.25,808.75,786.0,32913
2022-11-18,803.25,806.75,816.5,800.25,30557
2022-11-17,806.75,818.25,818.25,793.75,40772
2022-11-16,817.5,829.5,829.75,801.5,48018
2022-11-15,828.25,818.5,843.0,799.25,73685
2022-11-14,818.5,813.0,828.75,804.75,45112
2022-11-11,813.75,804.25,819.5,799.5,75488
2022-11-10,803.5,806.75,815.75,795.5,77215
2022-11-09,806.5,829.25,834.0,805.25,95226
2022-11-08,827.75,847.75,855.0,824.75,72922
2022-11-07,845.75,851.0,863.75,834.0,76862
2022-11-04,847.75,842.0,855.5,834.0,43974
2022-11-03,840.5,844.75,849.0,827.75,48030
2022-11-02,846.0,898.5,902.0,837.75,96131
2022-11-01,902.5,878.5,904.0,867.75,74354
2022-10-31,882.25,884.5,893.25,853.75,98975
2022-10-28,829.25,839.75,840.25,822.5,33954
2022-10-27,838.5,843.5,858.0,833.5,36089
2022-10-26,840.5,836.25,846.5,824.0,39250
2022-10-25,834.75,840.0,844.75,826.75,40775
2022-10-24,838.75,853.75,856.5,833.5,38013
2022-10-21,850.75,850.25,863.0,833.0,41911
2022-10-20,849.25,844.5,855.75,836.75,34078
2022-10-19,841.25,847.0,862.75,835.5,39811
2022-10-18,849.5,862.0,866.0,832.75,46278
2022-10-17,861.0,860.0,877.75,855.25,42651
2022-10-14,859.75,894.25,898.75,857.25,45071
2022-10-13,892.25,883.75,906.25,863.0,63574
2022-10-12,882.25,902.0,903.75,876.25,44744
2022-10-11,901.0,934.0,936.75,898.0,65146
2022-10-10,938.0,895.25,949.75,891.5,77244
2022-10-07,880.25,883.25,896.75,872.5,38141
2022-10-06,879.0,905.75,907.75,873.25,46423
2022-10-05,902.0,903.25,919.75,894.25,39955
2022-10-04,903.0,916.25,927.0,897.5,50521
2022-10-03,912.0,930.0,938.75,908.5,52399
2022-09-30,921.5,899.75,945.75,892.75,78137
2022-09-29,896.25,902.5,914.5,887.75,41358
2022-09-28,903.25,874.25,905.0,862.0,51296
2022-09-27,871.5,857.5,894.5,857.0,48803
2022-09-26,858.0,877.0,890.75,854.25,48793
2022-09-23,880.5,908.75,913.0,876.0,54237
2022-09-22,910.75,896.5,922.5,891.0,59590
2022-09-21,903.75,886.5,919.5,873.0,91297
2022-09-20,893.75,827.75,896.75,825.5,72771
2022-09-19,830.5,857.25,861.25,819.25,46375
2022-09-16,859.75,846.75,866.5,830.75,47239
2022-09-15,845.0,874.0,884.75,843.25,52974
2022-09-14,853.75,853.75,853.75,853.75,45623
2022-09-13,842.75,850.0,850.0,839.0,31
2022-09-12,841.25,852.5,852.5,837.0,54
2022-09-09,853.25,810.0,853.25,810.0,40
2022-09-08,810.5,815.0,816.5,805.5,306
2022-09-07,826.5,802.25,855.0,802.25,389
2022-09-06,800.0,795.5,800.75,794.25,386
2022-09-02,793.0,793.75,795.25,790.0,440
2022-09-01,775.5,802.75,806.0,773.0,1046
2022-08-31,809.0,794.75,812.25,788.75,1705
2022-08-30,798.25,818.5,824.0,794.0,12216
2022-08-29,820.0,785.75,827.0,774.75,23866
2022-08-26,784.75,764.5,792.25,764.0,28064
2022-08-25,769.75,794.75,803.5,766.5,18247
2022-08-24,795.0,782.25,799.75,775.0,23598
2022-08-23,782.75,770.0,802.5,767.25,26881
2022-08-22,770.5,754.0,774.0,744.5,22523
2022-08-19,753.25,733.0,756.75,727.25,18896
2022-08-18,731.5,764.75,766.5,725.75,38267
2022-08-17,763.25,785.25,797.0,759.5,29954
2022-08-16,786.0,799.0,810.5,782.5,25480
2022-08-15,800.75,802.0,804.5,778.0,29781
2022-08-12,806.0,811.25,811.25,782.25,40652
2022-08-11,810.75,800.0,820.75,794.5,63667
2022-08-10,799.75,781.5,808.5,780.25,68225
2022-08-09,781.5,785.75,801.25,772.75,59015
2022-08-08,779.75,776.5,793.75,760.75,64408
2022-08-05,775.75,782.0,796.75,769.75,51597
2022-08-04,782.5,768.0,789.5,758.25,46769
2022-08-03,763.75,774.0,790.25,752.0,51385
2022-08-02,774.75,795.0,795.75,772.75,47230
2022-08-01,800.25,812.75,820.25,781.25,41076
2022-07-29,807.75,817.0,845.75,801.0,47268
2022-07-28,817.0,786.25,824.25,786.25,37417
2022-07-27,790.25,802.5,818.75,782.0,41494
2022-07-26,803.75,773.0,806.0,772.25,43798
2022-07-25,770.0,787.0,793.5,760.5,47491
2022-07-22,759.0,803.25,807.25,754.0,66188
2022-07-21,806.25,819.5,834.0,795.5,43046
2022-07-20,819.5,810.25,843.5,801.0,38891
2022-07-19,812.25,808.5,822.25,792.5,45981
2022-07-18,812.75,787.25,825.0,778.5,42326
2022-07-15,776.75,798.0,804.75,765.75,44621
2022-07-14,794.25,794.25,794.25,794.25,53660
2022-07-13,798.25,810.0,819.25,798.25,30
2022-07-12,801.5,835.0,839.25,801.5,70
2022-07-11,843.75,888.0,888.0,843.75,102
2022-07-08,879.25,843.5,879.25,841.75,110
2022-07-07,824.5,816.0,825.25,816.0,187
2022-07-06,792.25,791.0,813.0,779.0,384
2022-07-05,793.75,829.0,829.0,793.75,76
2022-07-01,831.25,876.0,878.0,831.25,419
2022-06-30,868.75,914.25,917.75,868.75,2286
2022-06-29,915.5,922.0,940.0,913.75,12305
2022-06-28,921.25,908.0,935.0,907.25,23635
2022-06-27,904.0,922.0,940.0,900.5,26815
2022-06-24,923.75,936.25,962.5,921.75,28752
2022-06-23,937.25,973.25,974.5,934.5,32876
2022-06-22,976.5,977.25,1007.25,960.0,35050
2022-06-21,975.25,1032.0,1033.25,973.5,54693
2022-06-17,1034.25,1078.25,1083.75,1030.25,42369
2022-06-16,1078.25,1050.25,1084.75,1047.0,38169
2022-06-15,1050.0,1055.0,1058.75,1036.5,32823
2022-06-14,1050.25,1071.0,1072.75,1046.5,34011
2022-06-13,1071.0,1073.0,1093.5,1053.5,62605
2022-06-10,1070.75,1074.5,1081.25,1053.0,62709
2022-06-09,1071.25,1076.25,1082.0,1044.25,70950
2022-06-08,1074.75,1073.0,1089.0,1061.75,68009
2022-06-07,1071.75,1093.0,1101.0,1058.5,84918
2022-06-06,1093.0,1060.0,1108.75,1060.0,60711
2022-06-03,1040.0,1061.5,1069.25,1036.25,40835
2022-06-02,1058.25,1043.25,1075.0,1037.25,58137
2022-06-01,1041.25,1091.0,1098.0,1027.25,81448
2022-05-31,1087.5,1157.0,1157.25,1087.5,68159
2022-05-27,1157.5,1143.25,1170.25,1133.5,25544
2022-05-26,1143.25,1133.0,1160.25,1115.0,38507
2022-05-25,1148.25,1154.5,1158.5,1114.5,51657
2022-05-24,1154.75,1196.0,1208.75,1138.0,52749
2022-05-23,1190.0,1181.75,1196.75,1174.75,38143
2022-05-20,1168.75,1208.0,1208.0,1168.0,40065
2022-05-19,1200.5,1222.0,1247.75,1193.5,54778
2022-05-18,1230.75,1278.5,1280.0,1211.5,57090
2022-05-17,1277.5,1268.0,1284.0,1200.75,73671
2022-05-16,1247.5,1234.25,1247.5,1222.25,53773
2022-05-13,1167.25,1167.25,1167.25,1167.25,35248
2022-05-12,1174.5,1107.75,1174.5,1103.25,157
2022-05-11,1108.75,1109.25,1115.0,1100.0,53
2022-05-10,1083.25,1096.75,1098.5,1083.25,42
2022-05-09,1083.25,1084.0,1086.0,1081.5,92
2022-05-06,1097.0,1098.5,1098.5,1097.0,68
2022-05-05,1096.0,1084.5,1096.0,1084.5,184
2022-05-04,1066.0,1042.25,1069.75,1042.25,288
2022-05-03,1033.75,1045.0,1056.0,1033.75,177
2022-05-02,1043.5,1037.5,1050.25,1029.25,341
2022-04-29,1043.75,1071.25,1085.0,1043.75,577
2022-04-28,1074.0,1082.5,1094.0,1070.0,6965
2022-04-27,1080.0,1081.25,1087.0,1067.75,7092
2022-04-26,1083.25,1069.75,1096.0,1066.75,9543
2022-04-25,1062.0,1065.75,1080.0,1045.75,12075
2022-04-22,1065.5,1070.0,1076.0,1052.5,15258
2022-04-21,1068.0,1094.25,1094.25,1052.5,11174
2022-04-20,1088.0,1094.75,1109.75,1066.75,15110
2022-04-19,1099.0,1123.25,1135.0,1096.0,18099
2022-04-18,1120.5,1099.25,1134.75,1098.25,13169
2022-04-14,1096.5,1113.0,1127.5,1094.25,20653
2022-04-13,1113.5,1102.5,1124.25,1078.0,53460
2022-04-12,1103.75,1077.75,1117.5,1075.0,50433
2022-04-11,1081.25,1056.0,1091.75,1055.0,55247
2022-04-08,1051.5,1020.0,1054.25,1017.0,47599
2022-04-07,1020.0,1040.25,1044.5,1017.75,50501
2022-04-06,1038.25,1049.5,1056.25,1023.5,27905
2022-04-05,1045.25,1020.5,1074.0,1020.0,26923
2022-04-04,1010.25,989.5,1014.5,984.75,26349
2022-04-01,984.5,1007.25,1032.75,982.5,33853
2022-03-31,1006.0,1030.25,1075.0,1003.5,36848
2022-03-30,1027.25,1015.0,1041.75,1002.25,26336
2022-03-29,1014.25,1047.0,1068.25,972.0,45986
2022-03-28,1057.0,1092.75,1096.0,1047.0,26162
2022-03-25,1102.25,1089.5,1109.0,1064.75,27912
2022-03-24,1085.75,1105.75,1115.0,1080.5,22420
2022-03-23,1105.75,1119.25,1139.0,1101.0,24464
2022-03-22,1118.25,1119.25,1169.25,1102.25,29006
2022-03-21,1119.25,1075.0,1148.75,1061.75,37035
2022-03-18,1063.75,1095.0,1106.0,1055.75,19393
2022-03-17,1098.0,1051.0,1108.25,1031.75,31158
2022-03-16,1069.25,1157.25,1159.5,1069.25,37914
2022-03-15,1154.25,1106.0,1160.75,1088.25,30964
2022-03-14,1090.0,1090.0,1090.0,1090.0,38656
2022-03-11,1090.0,1035.75,1090.0,1030.75,10
2022-03-10,1073.75,1073.75,1073.75,1073.75,6
2022-03-09,1199.5,1199.5,1199.5,1199.5,5
2022-03-08,1273.0,1319.25,1319.25,1273.0,29
2022-03-07,1425.25,1311.25,1425.25,1311.25,79
2022-03-04,1348.0,1340.0,1348.0,1201.5,147
2022-03-03,1289.0,1124.25,1289.0,1119.0,374
2022-03-02,1058.5,1009.25,1132.0,997.5,458
2022-03-01,1001.75,951.0,1004.5,951.0,507
2022-02-28,928.0,920.25,930.5,885.5,1092
2022-02-25,843.0,923.25,951.25,841.5,8868
2022-02-24,926.0,882.75,926.0,877.25,26655
2022-02-23,876.0,841.0,880.0,834.0,28032
2022-02-22,844.25,815.0,846.25,803.0,47217
2022-02-18,797.0,797.5,812.25,790.0,43499
2022-02-17,798.0,780.0,799.25,775.5,47683
2022-02-16,780.5,779.75,786.75,773.25,33006
2022-02-15,779.75,801.25,801.75,773.0,55714
2022-02-14,799.25,801.5,813.5,780.75,69676
2022-02-11,797.75,770.25,806.25,764.75,101599
2022-02-10,771.5,785.5,801.75,765.75,95102
2022-02-09,785.0,779.5,788.25,770.5,100108
2022-02-08,778.75,771.25,782.0,754.0,99517
2022-02-07,768.75,776.0,776.5,760.0,81449
2022-02-04,763.25,754.75,767.25,748.25,50585
2022-02-03,751.75,754.0,756.5,740.0,52592
2022-02-02,755.0,770.0,778.5,749.25,67578
2022-02-01,769.0,762.5,776.75,760.5,52159
2022-01-31,761.25,793.0,798.5,756.75,71473
2022-01-28,786.25,777.25,793.5,774.75,49080
2022-01-27,777.0,794.25,795.5,774.0,60147
2022-01-26,795.0,817.25,817.5,787.0,73390
2022-01-25,818.0,801.0,831.5,800.5,76139
2022-01-24,800.5,794.0,802.5,775.75,58617
2022-01-21,780.0,788.0,791.0,778.0,47700
2022-01-20,790.25,794.0,802.75,783.75,58576
2022-01-19,796.5,772.0,797.25,769.5,68427
2022-01-18,769.0,742.25,771.5,741.25,70559
2022-01-14,741.5,746.0,747.25,737.0,44592
2022-01-13,746.75,757.0,757.75,741.0,49455
2022-01-12,757.75,768.0,770.0,753.5,51640
2022-01-11,770.25,761.75,770.5,758.25,43837
2022-01-10,762.0,760.75,767.5,748.0,46681
2022-01-07,758.5,748.0,760.75,735.5,58463
2022-01-06,746.0,761.75,762.0,736.0,64426
2022-01-05,760.75,771.0,771.5,756.0,40236
2022-01-04,770.0,758.0,771.5,756.25,43220
2022-01-03,758.0,774.0,782.25,752.75,42116
2021-12-31,770.75,782.5,787.75,769.5,25055
2021-12-30,779.75,789.5,791.75,776.0,29563
2021-12-29,787.75,785.25,793.0,774.0,40941
2021-12-28,783.5,805.75,808.0,781.75,41877
2021-12-27,804.0,817.5,824.0,802.5,30210
2021-12-23,814.75,812.5,820.5,808.25,36615
2021-12-22,814.0,796.75,817.0,792.0,48743
2021-12-21,799.0,778.5,799.75,772.5,46149
2021-12-20,777.75,777.5,778.75,757.75,38677
2021-12-17,775.0,770.0,780.25,765.25,38053
2021-12-16,770.5,757.5,773.0,751.25,50771
2021-12-15,756.0,787.0,787.0,751.0,77464
2021-12-14,785.5,785.5,785.5,785.5,34152
2021-12-13,785.5,779.25,791.0,779.25,69
2021-12-10,782.0,769.25,783.25,769.0,30
2021-12-09,773.5,793.5,793.5,773.5,64
2021-12-08,791.25,799.25,800.0,787.75,42
2021-12-07,799.25,811.0,812.0,796.0,74
2021-12-06,797.0,799.75,799.75,784.5,66
2021-12-03,794.5,809.5,814.75,794.5,102
2021-12-02,806.5,779.5,809.25,779.5,192
2021-12-01,778.5,784.0,785.5,774.75,484
2021-11-30,773.75,808.25,808.25,770.5,2662
2021-11-29,807.5,837.75,840.5,805.0,20037
2021-11-26,825.5,821.25,830.5,810.0,29473
2021-11-24,836.75,856.5,863.25,833.5,46267
2021-11-23,856.0,846.5,856.5,838.25,29297
2021-11-22,845.75,827.5,848.5,826.0,40429
2021-11-19,823.0,821.0,830.75,813.5,42696
2021-11-18,820.0,824.25,843.25,819.25,63590
2021-11-17,822.25,812.0,835.0,810.5,63821
2021-11-16,810.25,827.5,827.5,810.0,58357
2021-11-15,826.25,819.75,829.5,813.25,57377
2021-11-12,817.0,814.25,826.75,805.5,63147
2021-11-11,812.5,803.0,824.75,798.25,107495
2021-11-10,803.0,783.0,803.75,778.0,85821
2021-11-09,778.5,769.25,783.25,764.5,81300
2021-11-08,768.0,768.25,773.0,762.5,75813
2021-11-05,766.5,774.75,781.5,765.5,83637
2021-11-04,773.75,782.0,794.25,772.25,51270
2021-11-03,781.0,790.5,796.75,777.5,53180
2021-11-02,791.5,798.5,807.0,789.75,65894
2021-11-01,797.25,774.5,800.5,768.25,73027
2021-10-29,772.75,773.25,780.0,763.5,48726
2021-10-28,772.5,760.0,780.0,751.5,57331
2021-10-27,759.75,750.5,762.75,745.0,49839
2021-10-26,752.25,763.0,765.0,747.5,53537
2021-10-25,759.5,759.75,767.0,753.25,42579
2021-10-22,756.0,743.75,759.5,743.5,52332
2021-10-21,741.25,749.75,752.5,738.25,33633
2021-10-20,749.25,737.0,750.0,736.5,35078
2021-10-19,736.0,736.0,745.25,735.25,37740
2021-10-18,736.25,734.0,738.75,728.5,31460
2021-10-15,734.0,725.0,740.5,722.25,40534
2021-10-14,724.75,718.75,729.5,718.5,39585
2021-10-13,718.75,736.0,737.75,712.75,57903
2021-10-12,734.0,731.75,743.75,718.0,57859
2021-10-11,731.75,734.0,739.5,731.0,32210
2021-10-08,734.0,739.25,746.5,731.75,47836
2021-10-07,741.25,746.0,752.5,739.5,42606
2021-10-06,746.0,744.75,756.75,742.25,44642
2021-10-05,744.75,756.25,757.0,743.75,49150
2021-10-04,756.5,752.25,763.5,748.5,54746
2021-10-01,755.25,725.0,758.5,722.75,85696
2021-09-30,725.5,711.25,732.75,701.25,71326
2021-09-29,710.25,709.25,717.75,708.25,38927
2021-09-28,706.5,722.0,726.75,706.0,54403
2021-09-27,722.25,723.5,728.5,720.25,32063
2021-09-24,723.75,718.5,725.75,711.5,47318
2021-09-23,717.75,708.5,719.5,704.0,46804
2021-09-22,705.75,689.5,706.75,688.0,37475
2021-09-21,690.25,700.25,701.0,686.0,43195
2021-09-20,700.75,708.0,710.75,695.75,37449
2021-09-17,708.75,713.75,716.0,706.5,33375
2021-09-16,713.0,711.25,716.75,705.0,40246
2021-09-15,712.25,700.0,714.75,695.25,51075
2021-09-14,685.0,677.25,685.0,677.25,55986
2021-09-13,674.5,671.5,674.5,671.5,8
2021-09-10,675.0,682.5,683.75,673.25,72
2021-09-09,681.5,700.0,700.0,681.5,113
2021-09-08,698.25,704.5,704.5,698.25,58
2021-09-07,708.75,718.5,718.5,704.25,169
2021-09-03,714.5,702.0,715.0,701.0,433
2021-09-02,704.0,694.0,708.0,694.0,369
2021-09-01,701.0,708.25,710.25,699.25,546
2021-08-31,706.75,706.5,707.5,690.25,1667
2021-08-30,708.75,720.5,728.5,707.5,18316
2021-08-27,718.5,725.75,731.25,717.75,24916
2021-08-26,725.25,712.5,727.0,709.25,17849
2021-08-25,711.25,718.0,719.75,704.25,21990
2021-08-24,718.0,722.75,723.25,710.75,28503
2021-08-23,719.75,712.75,730.75,710.25,21092
2021-08-20,714.25,727.5,732.75,709.25,37208
2021-08-19,727.5,737.0,737.0,716.0,37059
2021-08-18,737.25,734.25,740.5,721.75,33614
2021-08-17,734.5,762.5,763.75,732.25,63610
2021-08-16,760.5,762.5,770.25,757.75,62047
2021-08-13,762.25,753.0,774.75,747.5,87099
2021-08-12,753.5,724.0,762.0,723.0,109432
2021-08-11,727.0,726.75,732.25,718.75,98740
2021-08-10,727.0,711.0,730.0,708.5,85502
2021-08-09,711.25,719.0,723.75,708.25,84297
2021-08-06,719.0,712.75,724.75,709.25,85120
2021-08-05,712.75,714.75,725.5,709.75,62604
2021-08-04,717.25,724.25,738.75,714.5,75455
2021-08-03,724.5,727.5,734.75,717.75,73891
2021-08-02,729.5,704.0,731.75,704.0,62786
2021-07-30,703.75,705.0,711.5,695.0,53644
2021-07-29,705.25,689.75,706.75,689.0,45524
2021-07-28,688.75,675.0,696.25,673.75,49232
2021-07-27,674.5,680.25,690.0,671.75,50027
2021-07-26,677.0,684.0,684.0,665.5,43684
2021-07-23,684.0,688.0,696.75,677.5,42541
2021-07-22,692.25,708.25,709.0,681.75,63077
2021-07-21,710.75,701.0,712.0,700.0,52745
2021-07-20,700.5,698.75,718.0,698.25,64013
2021-07-19,697.75,702.75,709.5,694.25,74215
2021-07-16,692.5,671.75,696.25,670.75,75887
2021-07-15,672.0,653.75,673.5,651.25,56836
2021-07-14,645.0,645.0,645.0,645.0,60001
2021-07-13,628.75,636.5,639.5,626.0,56
2021-07-12,635.0,610.75,635.0,604.5,30
2021-07-09,608.5,608.0,612.25,606.5,104
2021-07-08,612.25,615.0,618.0,611.75,101
2021-07-07,614.75,626.0,626.0,613.75,173
2021-07-06,620.0,634.75,634.75,611.0,93
2021-07-02,645.75,661.0,662.0,643.75,401
2021-07-01,658.5,667.75,683.0,658.5,558
2021-06-30,671.5,640.5,673.0,627.5,1833
2021-06-29,639.75,651.0,657.75,638.25,13015
2021-06-28,646.0,638.0,655.0,637.0,29182
2021-06-25,637.0,650.5,656.75,634.5,38795
2021-06-24,651.25,660.25,660.75,642.0,29170
2021-06-23,661.25,653.25,668.25,653.25,40594
2021-06-22,651.0,666.25,672.75,650.75,35940
2021-06-21,661.5,657.0,673.5,646.5,38192
2021-06-18,662.75,639.0,668.5,639.0,53571
2021-06-17,639.0,663.75,667.0,637.25,68262
2021-06-16,662.75,662.0,672.75,658.75,61563
2021-06-15,661.5,674.5,676.25,649.0,68469
2021-06-14,674.5,680.5,680.75,657.0,67693
2021-06-11,680.75,682.25,688.0,669.5,80622
2021-06-10,683.75,684.0,689.25,672.75,103902
2021-06-09,682.25,685.0,686.0,673.5,91316
2021-06-08,685.0,682.5,699.25,680.25,91988
2021-06-07,680.0,694.25,704.0,678.5,103023
2021-06-04,687.75,678.5,690.25,676.25,55839
2021-06-03,676.25,689.5,699.25,669.25,60414
2021-06-02,687.5,692.0,701.5,681.5,65956
2021-06-01,693.5,673.25,702.0,672.0,75697
2021-05-28,663.5,676.0,679.75,661.25,56121
2021-05-27,676.25,648.25,679.5,648.0,65470
2021-05-26,648.5,657.0,657.75,639.5,59945
2021-05-25,656.5,663.25,667.5,646.75,64769
2021-05-24,662.25,667.0,668.75,653.25,57246
2021-05-21,674.25,675.5,677.5,665.75,57455
2021-05-20,675.25,682.25,688.0,672.25,55313
2021-05-19,679.25,698.0,699.0,671.5,77673
2021-05-18,698.0,702.5,718.5,692.5,61420
2021-05-17,699.75,704.0,707.5,692.0,53086
2021-05-14,727.25,730.25,730.25,727.25,79497
2021-05-13,726.5,750.0,756.5,726.5,59
2021-05-12,754.75,763.0,763.0,746.5,77
2021-05-11,759.75,742.75,765.0,742.75,55
2021-05-10,742.5,768.5,769.0,742.5,227
2021-05-07,773.5,771.0,773.5,760.5,25
2021-05-06,764.25,761.0,764.25,745.0,16
2021-05-05,755.75,737.75,755.75,737.5,495
2021-05-04,737.0,731.25,737.5,730.0,300
2021-05-03,725.5,753.25,753.25,725.5,407
2021-04-30,742.5,741.0,745.5,728.5,406
2021-04-29,737.5,722.25,738.75,712.75,9415
2021-04-28,725.25,734.25,743.75,713.5,12763
2021-04-27,733.75,737.0,773.0,726.75,16104
2021-04-26,739.5,712.75,745.25,712.75,34378
2021-04-23,710.25,709.75,714.75,701.0,29087
2021-04-22,710.25,673.75,713.25,672.0,45267
2021-04-21,673.25,662.75,678.75,658.75,30045
2021-04-20,659.75,651.5,679.0,650.25,43162
2021-04-19,652.25,653.0,660.75,651.0,28587
2021-04-16,652.5,652.5,659.75,648.25,36533
2021-04-15,653.75,647.25,657.75,639.0,61426
2021-04-14,648.0,630.75,655.75,630.75,117768
2021-04-13,629.75,630.25,637.25,628.25,78362
2021-04-12,628.0,638.0,639.0,623.0,101809
2021-04-09,638.75,628.75,646.5,627.25,113072
2021-04-08,628.75,618.0,631.5,616.0,87000
2021-04-07,616.25,615.0,619.75,609.75,73524
2021-04-06,615.5,622.0,627.5,613.75,58043
2021-04-05,618.0,607.0,625.0,607.0,52004
2021-04-01,611.0,623.0,625.75,601.25,73406
2021-03-31,618.0,603.25,631.75,593.25,90267
2021-03-30,601.75,616.25,616.75,600.5,52667
2021-03-29,616.75,615.75,617.75,607.25,38587
2021-03-26,613.25,611.0,619.0,608.25,45616
2021-03-25,612.5,624.75,625.5,609.0,60632
2021-03-24,624.75,635.0,638.75,624.0,45577
2021-03-23,634.75,628.0,644.5,621.0,68769
2021-03-22,627.25,627.5,630.75,621.25,36124
2021-03-19,627.0,629.0,635.5,621.75,51669
2021-03-18,630.5,640.0,641.0,629.0,47127
2021-03-17,640.0,646.25,649.5,639.25,36147
2021-03-16,647.0,645.5,648.0,631.75,51099
2021-03-15,645.0,637.75,647.75,636.0,40093
2021-03-12,631.75,631.75,631.75,631.75,34909
2021-03-11,636.25,650.0,650.0,636.25,32
2021-03-10,650.75,653.25,653.75,643.5,130
2021-03-09,656.5,654.75,656.5,650.75,13
2021-03-08,646.5,659.5,659.5,642.5,351
2021-03-05,654.0,649.5,657.5,647.0,401
2021-03-04,649.75,653.0,658.0,648.75,576
2021-03-03,652.0,658.25,658.25,645.75,183
2021-03-02,663.25,645.5,663.25,640.0,241
2021-03-01,643.75,661.0,661.0,643.0,389
2021-02-26,655.0,665.0,665.75,653.0,1445
2021-02-25,671.75,677.25,680.5,658.75,13332
2021-02-24,680.25,665.5,683.5,665.0,23402
2021-02-23,665.75,666.5,667.75,656.5,24552
2021-02-22,664.0,653.75,665.25,651.0,26456
2021-02-19,650.75,665.0,669.0,649.0,51919
2021-02-18,662.5,644.0,665.75,641.5,56681
2021-02-17,644.0,660.0,661.25,638.5,35182
2021-02-16,657.5,648.0,660.25,640.5,50195
2021-02-12,636.75,632.5,643.0,632.0,64747
2021-02-11,633.5,636.5,644.75,632.0,79697
2021-02-10,635.5,649.5,650.5,626.75,98577
2021-02-09,649.5,657.75,660.5,639.75,124145
2021-02-08,655.75,643.0,657.5,642.5,102705
2021-02-05,641.25,634.75,647.5,632.25,78451
2021-02-04,637.5,647.25,650.5,633.0,66019
2021-02-03,648.25,646.25,649.75,625.75,77131
2021-02-02,644.75,655.0,656.75,640.5,46873
2021-02-01,651.0,663.5,671.0,646.0,55799
2021-01-29,663.0,646.25,664.75,643.0,60153
2021-01-28,647.0,655.0,664.5,643.5,65434
2021-01-27,658.25,663.25,672.75,652.5,54190
2021-01-26,665.25,646.75,667.75,641.25,68363
2021-01-25,648.5,633.0,651.5,624.25,64721
2021-01-22,634.5,658.5,659.0,633.0,76808
2021-01-21,660.75,666.5,674.75,657.75,50212
2021-01-20,667.75,675.25,676.0,656.5,66033
2021-01-19,672.25,683.75,691.25,668.75,63501
2021-01-15,675.5,671.0,693.0,664.5,77447
2021-01-14,670.0,660.0,673.25,653.0,63304
2021-01-13,660.5,665.0,680.75,656.25,80724
2021-01-12,665.0,636.25,670.0,634.0,80416
2021-01-11,634.75,639.0,651.5,628.75,58069
2021-01-08,638.75,644.75,649.5,634.0,56138
2021-01-07,642.25,646.75,648.25,638.0,47486
2021-01-06,647.5,654.0,660.25,646.0,60850
2021-01-05,654.0,641.5,664.5,639.5,81173
2021-01-04,642.0,643.0,650.25,634.0,66782
2020-12-31,640.5,640.0,644.5,632.5,44927
2020-12-30,640.75,620.0,643.5,614.0,71654
2020-12-29,618.5,614.25,623.25,611.5,35420
2020-12-28,614.25,627.0,631.5,607.0,53532
2020-12-24,627.0,631.0,633.75,623.5,35656
2020-12-23,629.75,615.25,633.75,610.5,69513
2020-12-22,617.0,615.5,619.75,603.0,55034
2020-12-21,611.25,610.25,615.25,596.5,48422
2020-12-18,608.25,611.5,614.75,604.5,42169
2020-12-17,608.75,599.75,610.0,598.5,43431
2020-12-16,598.5,602.25,607.75,589.75,56478
2020-12-15,599.75,597.25,605.75,594.25,51418
2020-12-14,593.5,615.5,615.5,593.5,74274
2020-12-11,608.25,608.25,608.25,608.25,8
2020-12-10,590.25,590.0,592.5,587.0,5
2020-12-09,577.0,568.5,581.0,568.5,10
2020-12-08,563.75,566.75,574.0,563.75,20
2020-12-07,571.25,560.0,575.75,560.0,20
2020-12-04,566.5,563.75,566.5,563.75,55
2020-12-03,571.75,573.5,576.0,568.0,164
2020-12-02,578.0,565.5,578.75,565.5,78
2020-12-01,565.5,580.75,580.75,563.5,540
2020-11-30,580.25,599.5,600.0,579.5,1048
2020-11-27,596.5,592.25,600.25,589.25,7296
2020-11-25,588.25,612.75,616.5,587.0,23901
2020-11-24,611.25,599.5,612.25,594.0,19739
2020-11-23,598.75,596.0,604.75,595.75,22141
2020-11-20,593.25,590.0,598.25,590.0,36851
2020-11-19,591.75,598.75,600.25,589.75,42206
2020-11-18,597.75,595.75,604.25,592.5,61555
2020-11-17,595.25,598.0,603.25,592.5,73204
2020-11-16,598.0,593.75,601.0,586.0,87084
2020-11-13,593.5,586.25,596.25,580.25,77401
2020-11-12,588.25,596.25,598.75,587.0,91052
2020-11-11,598.0,607.0,613.5,595.5,107814
2020-11-10,608.5,597.25,613.0,594.0,134343
2020-11-09,597.5,602.25,607.0,595.0,91438
2020-11-06,602.0,607.75,615.75,601.75,105356
2020-11-05,609.25,606.5,626.25,606.0,97072
2020-11-04,606.0,607.75,610.5,597.75,66077
2020-11-03,608.0,607.0,616.5,604.0,70891
2020-11-02,607.5,593.25,609.5,591.0,75087
2020-10-30,598.5,602.0,607.25,595.25,72812
2020-10-29,603.75,609.75,611.25,598.5,69893
2020-10-28,608.75,614.5,614.5,600.75,72239
2020-10-27,615.75,618.75,627.0,614.75,63486
2020-10-26,620.0,632.75,633.0,616.0,66899
2020-10-23,632.75,623.0,635.5,619.5,64240
2020-10-22,622.75,628.5,632.25,621.25,63702
2020-10-21,629.75,634.5,637.5,628.75,61377
2020-10-20,632.0,628.5,638.25,623.5,78897
2020-10-19,627.0,631.0,636.75,620.25,86964
2020-10-16,625.25,618.5,630.75,615.5,90621
2020-10-15,618.25,596.75,619.5,596.5,90299
2020-10-14,596.75,594.75,600.25,587.25,58370
2020-10-13,594.0,596.25,604.25,590.75,56418
2020-10-12,594.25,592.5,599.0,587.0,63837
2020-10-09,593.75,594.0,606.75,588.75,88056
2020-10-08,595.25,608.75,616.75,593.25,95298
2020-10-07,607.5,591.25,611.5,588.5,102217
2020-10-06,592.75,585.0,601.75,579.75,83093
2020-10-05,584.25,574.5,587.75,573.0,60417
2020-10-02,573.25,569.25,576.5,561.25,54242
2020-10-01,570.25,574.0,584.0,568.5,76218
2020-09-30,578.0,548.75,587.0,547.0,122156
2020-09-29,549.5,551.0,553.25,546.0,45637
2020-09-28,550.25,545.25,551.75,537.75,60680
2020-09-25,544.25,552.25,552.5,543.75,48637
2020-09-24,549.75,548.0,554.25,541.0,71785
2020-09-23,549.0,558.5,560.25,547.25,59472
2020-09-22,558.0,553.5,567.0,550.25,75824
2020-09-21,554.75,576.5,578.25,550.5,96691
2020-09-18,575.0,555.75,578.0,555.5,101480
2020-09-17,556.25,542.0,557.25,537.25,76815
2020-09-16,542.0,535.5,543.0,533.25,47771
2020-09-15,538.25,546.0,547.0,533.75,60557
2020-09-14,548.5,525.0,549.25,525.0,50141
2020-09-11,533.75,543.0,543.0,533.75,8
2020-09-10,540.0,544.75,548.5,539.5,31
2020-09-09,534.0,533.5,536.5,533.25,32
2020-09-08,533.25,536.25,539.5,533.25,64
2020-09-04,539.75,542.0,544.0,539.0,88
2020-09-03,543.25,550.25,550.25,542.5,115
2020-09-02,547.75,554.5,554.5,545.0,187
2020-09-01,555.75,542.5,559.25,539.25,248
2020-08-31,544.25,539.25,551.75,538.0,1104
2020-08-28,539.25,543.0,547.25,536.75,17686
2020-08-27,542.5,531.75,543.75,531.0,18366
2020-08-26,532.0,527.0,532.75,523.25,25925
2020-08-25,527.25,521.25,533.75,520.75,26559
2020-08-24,520.75,527.75,533.25,516.5,30510
2020-08-21,527.25,520.0,527.75,515.0,58896
2020-08-20,519.5,511.75,520.25,506.5,37922
2020-08-19,512.0,507.25,514.25,506.25,49510
2020-08-18,507.5,516.25,517.5,503.0,50255
2020-08-17,516.5,500.5,517.5,500.0,66200
2020-08-14,500.0,495.5,507.75,493.5,75823
2020-08-13,496.75,490.0,500.75,489.0,82622
2020-08-12,491.25,495.75,498.0,488.0,90879
2020-08-11,495.0,491.0,498.75,490.5,83770
2020-08-10,491.0,495.25,497.25,490.0,76700
2020-08-07,495.5,501.25,503.75,490.5,93524
2020-08-06,501.25,510.75,515.0,500.75,86498
2020-08-05,510.75,508.25,512.75,506.0,67342
2020-08-04,508.25,521.0,521.25,507.75,82315
2020-08-03,521.0,527.0,528.25,517.0,71428
2020-07-31,531.25,528.5,535.25,528.5,48266
2020-07-30,529.5,531.75,534.5,525.0,47622
2020-07-29,532.75,523.5,533.25,523.5,42240
2020-07-28,523.5,526.5,529.75,519.25,51347
2020-07-27,527.75,538.75,539.0,526.25,47270
2020-07-24,539.5,530.75,544.0,530.0,63634
2020-07-23,529.5,534.75,536.0,527.0,46720
2020-07-22,534.5,525.75,540.25,523.75,59562
2020-07-21,527.75,520.5,531.5,518.5,62298
2020-07-20,522.0,535.0,535.25,517.0,84615
2020-07-17,534.75,535.75,540.0,530.75,52664
2020-07-16,535.25,550.0,551.5,534.0,96898
2020-07-15,550.75,527.0,551.75,526.75,97654
2020-07-14,524.75,524.75,524.75,524.75,59738
2020-07-13,524.75,536.0,536.0,524.75,60
2020-07-10,535.75,536.75,543.0,535.75,18
2020-07-09,526.25,530.0,537.75,520.75,15
2020-07-08,517.5,517.5,517.5,517.5,84
2020-07-07,492.25,492.75,495.0,491.5,99
2020-07-06,489.5,489.0,489.5,485.75,76
2020-07-02,490.0,498.25,499.0,486.5,291
2020-07-01,498.75,489.75,498.75,489.75,718
2020-06-30,490.0,483.75,495.5,478.5,2721
2020-06-29,485.5,473.5,488.75,473.0,16749
2020-06-26,474.0,486.5,487.0,468.25,64057
2020-06-25,486.75,480.0,489.25,478.75,46252
2020-06-24,481.25,486.75,488.0,480.0,22216
2020-06-23,486.0,485.25,488.75,479.25,38396
2020-06-22,485.0,480.5,486.0,477.75,35478
2020-06-19,481.25,482.75,485.5,476.0,58288
2020-06-18,483.5,488.5,492.0,480.5,51883
2020-06-17,488.75,494.5,495.75,487.25,60132
2020-06-16,496.0,506.5,507.25,491.0,67274
2020-06-15,504.75,499.75,505.5,497.5,51218
2020-06-12,502.0,499.0,504.75,495.25,71166
2020-06-11,499.25,508.75,509.0,498.5,90884
2020-06-10,506.25,505.0,509.25,502.5,77126
2020-06-09,504.5,512.0,514.0,500.75,105093
2020-06-08,511.5,517.0,517.75,508.5,89831
2020-06-05,515.25,526.75,527.75,513.25,100263
2020-06-04,523.75,512.25,529.0,512.0,76243
2020-06-03,512.0,509.75,515.5,506.5,70048
2020-06-02,508.0,517.0,517.25,506.75,76980
2020-06-01,515.25,520.0,520.75,511.5,62138
2020-05-29,520.75,513.5,522.25,511.75,56405
2020-05-28,514.5,505.25,518.75,503.75,64133
2020-05-27,504.5,507.75,511.75,501.25,41180
2020-05-26,506.75,504.25,512.25,504.25,48956
2020-05-22,508.75,515.0,516.25,503.25,59252
2020-05-21,516.0,515.0,524.0,512.0,75219
2020-05-20,513.75,499.5,517.75,496.0,87800
2020-05-19,498.75,496.75,501.5,496.25,43782
2020-05-18,497.0,501.5,502.75,493.75,42218
2020-05-15,500.25,502.5,508.0,497.5,49768
2020-05-14,510.5,510.5,510.5,510.5,44141
2020-05-13,510.5,510.5,510.5,510.5,15
2020-05-12,521.75,521.75,521.75,521.75,8
2020-05-11,524.75,537.75,537.75,524.75,6
2020-05-08,529.5,529.5,533.0,529.5,24
2020-05-07,529.0,531.0,531.0,529.0,38
2020-05-06,524.75,521.25,524.75,521.25,80
2020-05-05,525.5,519.0,527.0,519.0,28
2020-05-04,524.25,516.0,526.75,516.0,35
2020-05-01,521.5,528.75,528.75,520.5,119
2020-04-30,529.75,517.0,529.75,511.0,894
2020-04-29,519.5,525.0,525.0,512.75,5247
2020-04-28,526.75,523.0,528.0,517.25,9158
2020-04-27,521.0,529.5,530.0,518.25,12033
2020-04-24,526.75,549.25,550.75,526.0,44703
2020-04-23,547.0,542.0,551.5,538.5,22944
2020-04-22,543.0,547.75,549.75,538.0,18840
2020-04-21,546.75,551.5,557.0,541.75,18717
2020-04-20,548.75,536.0,562.0,535.25,40953
2020-04-17,533.5,528.5,536.0,524.5,23903
2020-04-16,529.75,538.75,545.25,528.0,31461
2020-04-15,540.25,546.5,548.75,529.75,67687
2020-04-14,548.75,555.75,556.75,546.0,53925
2020-04-13,555.0,560.75,564.5,552.5,53253
2020-04-09,556.5,549.25,558.75,546.75,63609
2020-04-08,548.25,551.0,554.5,545.0,57533
2020-04-07,549.25,555.25,555.75,545.25,67148
2020-04-06,555.75,550.0,561.75,549.75,44545
2020-04-03,549.25,541.75,556.5,541.5,44941
2020-04-02,541.75,550.25,553.25,538.25,46926
2020-04-01,550.25,567.25,571.75,546.5,67309
2020-03-31,568.75,569.75,575.25,564.25,66203
2020-03-30,569.5,572.25,580.75,562.75,59620
2020-03-27,571.25,569.5,587.0,563.5,87575
2020-03-26,569.0,579.5,583.0,564.5,76661
2020-03-25,580.0,560.0,583.25,556.75,97558
2020-03-24,561.5,560.5,562.5,549.75,67261
2020-03-23,562.5,539.5,563.25,537.25,86808
2020-03-20,539.25,534.5,547.0,533.0,71442
2020-03-19,535.0,508.5,540.5,508.5,103082
2020-03-18,508.25,500.75,512.0,494.5,68778
2020-03-17,499.25,496.25,506.5,494.5,65543
2020-03-16,498.0,503.0,507.25,491.75,78982
2020-03-13,514.75,509.75,514.75,506.5,69365
2020-03-12,508.25,506.75,508.75,506.75,24
2020-03-11,517.25,527.25,527.5,517.25,29
2020-03-10,526.75,524.25,526.75,519.25,61
2020-03-09,522.25,516.0,524.0,513.5,122
2020-03-06,521.25,520.0,522.75,516.25,29
2020-03-05,524.25,521.25,528.5,518.5,109
2020-03-04,521.5,528.0,528.0,521.25,213
2020-03-03,528.75,523.0,534.5,523.0,301
2020-03-02,526.25,523.5,526.25,521.5,672
2020-02-28,529.0,531.0,531.25,515.5,2192
2020-02-27,529.25,538.75,539.25,528.25,20812
2020-02-26,540.25,539.25,542.75,534.75,19746
2020-02-25,539.0,539.0,541.25,530.75,29431
2020-02-24,536.25,550.25,550.5,534.0,53342
2020-02-21,551.0,559.75,569.0,550.5,81105
2020-02-20,560.0,565.25,567.5,558.25,55426
2020-02-19,565.25,563.0,565.75,553.0,68274
2020-02-18,566.75,549.25,570.75,548.0,123526
2020-02-14,542.75,544.75,549.5,542.0,63124
2020-02-13,544.25,548.5,550.5,540.75,85047
2020-02-12,547.5,541.0,549.0,538.25,91895
2020-02-11,542.0,551.5,551.75,539.0,166632
2020-02-10,552.0,558.75,560.75,551.0,100463
2020-02-07,558.75,557.0,563.0,553.25,64891
2020-02-06,556.25,563.75,565.5,555.75,51963
2020-02-05,562.0,559.25,563.75,555.5,52869
2020-02-04,557.25,554.25,564.25,553.5,69486
2020-02-03,555.5,551.25,558.0,546.5,83000
2020-01-31,553.75,562.5,566.0,552.75,63922
2020-01-30,560.5,562.5,562.5,550.75,77794
2020-01-29,562.25,571.0,573.25,561.0,55030
2020-01-28,569.75,573.0,576.5,565.5,56857
2020-01-27,572.25,567.75,573.25,559.5,78994
2020-01-24,573.5,581.75,581.75,569.5,58501
2020-01-23,580.5,577.75,583.0,575.25,55850
2020-01-22,577.75,581.5,592.5,574.5,84471
2020-01-21,581.5,572.5,582.75,566.75,69900
2020-01-17,570.5,565.5,572.5,564.25,54666
2020-01-16,565.25,573.5,573.5,560.0,58192
2020-01-15,573.25,569.0,578.75,568.25,78783
2020-01-14,568.5,562.25,573.0,559.25,69294
2020-01-13,562.25,565.25,565.75,558.5,51064
2020-01-10,564.5,562.75,568.5,555.75,92633
2020-01-09,562.25,553.75,564.0,552.75,66455
2020-01-08,552.75,549.5,555.75,545.25,51322
2020-01-07,550.25,549.5,551.0,545.5,41346
2020-01-06,550.0,552.5,555.25,546.75,47904
2020-01-03,554.5,560.75,562.0,551.75,44180
2020-01-02,560.25,559.5,567.5,558.25,49931
2019-12-31,558.75,555.0,559.75,553.0,38466
2019-12-30,556.0,560.0,564.5,551.5,42485
2019-12-27,556.25,549.75,561.0,549.25,52110
2019-12-26,549.0,540.75,552.0,540.25,30244
2019-12-24,541.0,539.5,545.0,538.5,21559
2019-12-23,539.5,543.0,547.0,538.75,33261
2019-12-20,542.25,545.25,549.0,538.75,44101
2019-12-19,545.25,547.5,553.5,544.0,39716
2019-12-18,548.25,553.25,555.0,545.25,56331
2019-12-17,556.25,553.25,557.25,545.0,68511
2019-12-16,549.75,534.75,556.75,534.75,95740
2019-12-13,539.25,539.25,539.25,539.25,65491
2019-12-12,539.25,529.75,544.0,528.75,61
2019-12-11,530.75,534.5,534.5,528.0,136
2019-12-10,534.75,532.25,537.5,529.75,290
2019-12-09,532.0,532.5,533.25,531.0,166
2019-12-06,532.5,532.75,532.75,529.0,359
2019-12-05,532.0,535.25,537.5,531.75,397
2019-12-04,535.0,531.0,535.5,531.0,345
2019-12-03,530.5,545.75,548.0,530.5,923
2019-12-02,543.25,549.5,549.75,542.75,780
2019-11-29,547.5,532.5,550.5,532.5,3358
2019-11-27,528.5,530.0,533.0,525.75,19195
2019-11-26,530.25,530.75,531.75,525.5,28006
2019-11-25,531.0,515.0,532.5,515.0,44721
2019-11-22,515.25,509.25,518.5,508.25,46923
2019-11-21,509.0,515.0,519.5,508.25,35378
2019-11-20,515.5,512.0,515.75,508.0,38138
2019-11-19,512.0,506.25,515.25,506.0,69373
2019-11-18,507.25,503.25,510.75,498.5,59866
2019-11-15,502.75,507.75,508.5,501.5,50343
2019-11-14,507.75,508.75,512.0,505.5,53537
2019-11-13,509.0,516.5,516.75,506.5,72652
2019-11-12,517.0,506.25,517.25,505.25,78046
2019-11-11,505.75,508.0,510.5,503.75,78285
2019-11-08,510.25,512.5,517.75,505.5,79538
2019-11-07,512.5,517.5,519.75,511.0,71045
2019-11-06,516.75,515.5,521.75,513.5,62209
2019-11-05,515.25,511.0,516.0,509.0,51553
2019-11-04,509.75,514.25,515.25,508.0,39525
2019-11-01,516.0,508.75,516.5,506.75,53598
2019-10-31,508.75,510.0,512.25,501.0,63621
2019-10-30,509.25,511.25,514.0,507.0,35336
2019-10-29,511.5,513.0,516.0,508.25,51562
2019-10-28,511.75,518.0,518.5,510.0,50217
2019-10-25,517.75,517.25,522.0,514.5,40230
2019-10-24,516.0,522.5,523.75,515.5,36210
2019-10-23,520.75,518.0,523.75,515.75,42796
2019-10-22,518.0,523.0,532.25,517.25,52259
2019-10-21,523.5,532.0,535.0,522.75,53543
2019-10-18,532.25,526.0,532.75,521.0,56244
2019-10-17,525.5,514.25,527.0,512.75,66632
2019-10-16,513.25,505.75,514.25,504.5,48997
2019-10-15,507.0,510.0,511.25,504.25,38047
2019-10-14,511.0,513.0,515.0,506.75,52203
2019-10-11,508.0,491.75,512.75,491.25,84743
2019-10-10,493.0,499.5,504.25,487.5,68283
2019-10-09,500.25,500.5,504.5,497.25,46017
2019-10-08,500.25,489.75,502.25,486.75,58655
2019-10-07,489.25,492.0,494.5,488.5,35058
2019-10-04,490.5,489.25,492.25,486.5,28757
2019-10-03,488.75,488.0,493.0,485.75,31835
2019-10-02,489.0,496.5,499.0,485.25,55278
2019-10-01,498.75,496.5,499.25,489.75,59419
2019-09-30,495.75,488.0,501.0,483.25,78104
2019-09-27,487.25,486.0,490.5,482.5,36017
2019-09-26,484.25,477.0,486.75,476.75,47412
2019-09-25,477.25,481.0,482.25,476.25,34840
2019-09-24,481.75,481.75,484.25,477.5,38227
2019-09-23,483.0,485.0,487.5,481.25,28538
2019-09-20,484.25,486.5,491.25,483.5,39951
2019-09-19,488.0,489.25,492.0,484.5,49573
2019-09-18,489.5,484.25,492.5,481.75,49975
2019-09-17,484.25,487.75,487.75,480.75,49217
2019-09-16,488.75,488.0,490.0,482.25,48636
2019-09-13,485.75,485.75,485.75,485.75,51154
2019-09-12,485.75,484.25,489.0,482.0,12
2019-09-11,477.5,489.0,489.0,477.5,26
2019-09-10,484.5,476.75,485.5,468.0,99
2019-09-09,474.5,458.5,475.0,458.5,60
2019-09-06,460.25,458.5,461.0,458.5,9
2019-09-05,464.0,462.25,465.75,462.0,91
2019-09-04,456.25,450.5,459.0,448.5,354
2019-09-03,447.25,451.5,451.5,443.5,714
2019-08-30,451.25,467.5,467.5,450.0,4867
2019-08-29,469.75,472.25,473.75,468.5,11219
2019-08-28,472.25,473.75,475.0,465.75,15975
2019-08-27,473.75,472.75,477.5,470.75,22703
2019-08-26,473.0,474.0,480.0,470.75,26104
2019-08-23,475.25,466.75,475.75,461.25,50829
2019-08-22,467.25,462.75,470.5,460.75,28824
2019-08-21,462.5,460.0,463.0,456.0,29725
2019-08-20,460.0,464.5,468.75,456.75,36772
2019-08-19,465.5,469.0,470.5,464.0,37684
2019-08-16,470.75,470.25,473.0,467.25,43363
2019-08-15,469.0,475.75,477.25,468.5,50555
2019-08-14,473.75,474.75,480.0,471.25,54940
2019-08-13,472.0,471.0,478.75,465.5,80015
2019-08-12,471.75,500.0,502.0,466.5,101997
2019-08-09,499.5,498.25,505.25,496.0,80313
2019-08-08,498.5,489.5,502.75,486.0,93527
2019-08-07,488.25,484.0,490.25,477.5,69547
2019-08-06,484.0,493.0,495.75,482.75,58659
2019-08-05,494.5,490.25,495.0,479.25,70664
2019-08-02,490.75,479.25,491.5,476.0,76637
2019-08-01,475.75,486.75,488.5,471.75,79618
2019-07-31,487.25,497.5,500.5,484.5,64057
2019-07-30,497.25,502.25,503.25,495.0,47667
2019-07-29,503.5,495.25,507.25,492.5,63097
2019-07-26,496.0,499.5,500.25,493.5,41871
2019-07-25,499.5,497.75,507.5,492.25,66902
2019-07-24,497.75,487.25,498.75,487.25,61740
2019-07-23,487.25,487.75,493.5,483.25,57807
2019-07-22,487.25,505.25,505.25,487.0,69561
2019-07-19,502.5,494.75,516.75,492.5,67722
2019-07-18,493.5,504.0,505.25,493.0,59023
2019-07-17,505.5,507.25,514.0,502.0,40000
2019-07-16,507.5,507.75,510.0,501.0,51260
2019-07-15,507.75,524.25,531.5,506.0,68193
2019-07-12,536.25,535.0,538.5,535.0,60976
2019-07-11,536.25,514.25,536.25,514.25,70
2019-07-10,511.75,506.0,512.5,506.0,135
2019-07-09,509.75,513.75,513.75,508.5,146
2019-07-08,516.75,520.0,521.5,513.0,187
2019-07-05,519.25,511.5,520.5,511.5,458
2019-07-03,518.0,504.0,518.5,503.75,868
2019-07-02,503.5,514.0,514.75,502.0,623
2019-07-01,514.0,532.0,532.0,511.75,857
2019-06-28,528.0,547.75,558.0,525.75,2991
2019-06-27,547.5,545.25,555.25,541.25,19412
2019-06-26,543.75,535.5,545.25,532.25,38785
2019-06-25,535.75,540.25,545.5,534.0,35004
2019-06-24,538.0,526.0,540.0,522.25,35347
2019-06-21,526.0,527.5,529.75,523.0,43124
2019-06-20,526.5,520.75,529.0,515.5,43107
2019-06-19,522.25,530.25,531.0,514.25,73042
2019-06-18,531.5,539.75,541.0,525.25,62463
2019-06-17,539.5,540.25,549.25,537.5,66171
2019-06-14,538.5,535.5,544.0,530.75,80190
2019-06-13,535.5,526.0,536.5,524.75,80265
2019-06-12,526.25,519.75,528.0,513.0,98892
2019-06-11,518.0,504.0,518.75,500.25,93396
2019-06-10,507.5,505.25,508.5,493.25,70587
2019-06-07,504.5,511.0,512.75,502.0,95648
2019-06-06,510.0,492.0,514.0,487.75,126522
2019-06-05,490.75,507.0,508.5,488.5,95346
2019-06-04,507.25,526.0,529.0,501.25,116942
2019-06-03,519.75,505.75,522.75,503.0,92329
2019-05-31,503.0,514.5,520.0,500.75,107970
2019-05-30,514.5,488.75,515.0,482.0,101106
2019-05-29,490.5,515.0,521.75,487.5,126551
2019-05-28,504.75,495.0,509.25,494.5,107854
2019-05-24,489.5,469.75,490.75,467.25,74194
2019-05-23,470.25,473.0,485.5,466.25,78862
2019-05-22,472.75,475.75,481.0,468.5,65945
2019-05-21,478.75,486.25,492.75,474.0,99488
2019-05-20,478.25,469.75,484.0,468.0,86583
2019-05-17,465.0,469.0,473.25,462.5,74170
2019-05-16,467.0,446.25,468.5,446.25,75268
2019-05-15,448.75,451.5,464.0,447.0,85023
2019-05-14,439.25,439.25,439.25,439.25,66451
2019-05-13,431.25,422.75,431.25,422.75,237
2019-05-10,419.0,420.5,420.5,419.0,197
2019-05-09,421.75,425.5,425.5,421.75,18
2019-05-08,431.25,430.0,431.25,430.0,48
2019-05-07,430.5,422.75,432.0,422.75,88
2019-05-06,428.0,424.75,428.0,424.75,33
2019-05-03,428.0,427.5,428.0,427.0,113
2019-05-02,433.25,428.5,438.25,428.25,277
2019-05-01,425.0,420.0,426.25,420.0,849
2019-04-30,418.5,424.0,426.0,416.25,5053
2019-04-29,426.75,436.25,439.75,425.0,31183
2019-04-26,435.0,433.5,439.0,433.25,31927
2019-04-25,434.75,430.75,437.5,428.25,37526
2019-04-24,432.25,438.0,439.5,429.75,37323
2019-04-23,438.75,435.25,441.25,433.0,47314
2019-04-22,435.75,444.25,444.25,435.25,39274
2019-04-18,444.25,447.25,448.25,439.25,44044
2019-04-17,447.0,446.5,450.0,444.75,42630
2019-04-16,445.0,458.75,460.25,442.25,90378
2019-04-15,459.5,463.75,464.0,457.75,79730
2019-04-12,464.5,462.0,465.25,457.5,64972
2019-04-11,460.5,457.0,462.5,456.75,78538
2019-04-10,458.0,459.0,461.75,455.5,65278
2019-04-09,459.5,462.0,462.5,456.25,89059
2019-04-08,465.25,467.25,471.0,461.75,83285
2019-04-05,467.75,469.0,469.5,464.25,89210
2019-04-04,470.75,471.0,477.5,468.0,70274
2019-04-03,471.0,463.0,472.75,463.0,61886
2019-04-02,464.0,463.5,465.75,456.0,48157
2019-04-01,462.75,459.5,468.25,456.0,61267
2019-03-29,457.75,463.75,464.75,452.5,72175
2019-03-28,464.5,468.5,469.25,459.5,49566
2019-03-27,469.5,470.0,471.75,466.5,61160
2019-03-26,469.25,470.0,478.0,467.0,83738
2019-03-25,469.5,466.5,471.75,463.0,59710
2019-03-22,466.0,465.5,473.75,463.75,73007
2019-03-21,466.5,464.5,467.5,458.0,62807
2019-03-20,464.75,456.75,465.0,454.75,53591
2019-03-19,456.5,458.5,462.5,453.75,53498
2019-03-18,456.75,463.25,464.0,454.5,58389
2019-03-15,462.25,452.5,463.0,448.5,67723
2019-03-14,448.25,448.25,448.25,448.25,82961
2019-03-13,440.25,439.75,441.5,439.75,10
2019-03-12,446.25,424.0,446.25,424.0,19
2019-03-11,422.25,430.25,430.25,422.25,32
2019-03-08,432.75,435.5,437.0,432.75,31
2019-03-07,431.5,435.25,437.25,431.5,69
2019-03-06,440.5,449.25,450.5,440.5,151
2019-03-05,454.25,446.0,454.25,446.0,328
2019-03-04,446.75,454.75,454.75,446.0,883
2019-03-01,454.0,452.5,457.75,440.5,2211
2019-02-28,452.5,460.25,460.5,452.25,4222
2019-02-27,461.0,460.25,467.75,458.25,15757
2019-02-26,460.25,467.0,468.0,456.25,35046
2019-02-25,466.75,489.75,490.0,466.25,45912
2019-02-22,486.75,488.5,493.0,484.5,50629
2019-02-21,486.5,480.5,491.5,480.25,49588
2019-02-20,480.75,490.0,493.5,475.75,78091
2019-02-19,489.75,502.5,505.25,488.5,74208
2019-02-15,504.25,507.75,508.75,499.25,79764
2019-02-14,507.0,521.5,522.5,506.0,103160
2019-02-13,522.25,519.75,524.0,518.75,74961
2019-02-12,520.0,518.5,520.75,514.5,82836
2019-02-11,518.25,517.25,519.0,512.0,85556
2019-02-08,517.25,514.75,522.25,513.5,112341
2019-02-07,513.25,525.25,525.25,512.5,112345
2019-02-06,526.0,527.0,531.25,524.25,73137
2019-02-05,527.25,525.25,528.25,520.5,73338
2019-02-04,525.75,524.75,529.0,521.25,74705
2019-02-01,524.25,515.75,526.5,515.25,83420
2019-01-31,516.5,517.75,520.0,513.5,56309
2019-01-30,516.75,513.25,518.0,511.75,46572
2019-01-29,513.25,517.75,522.0,510.75,77727
2019-01-28,518.75,520.75,523.5,516.0,44012
2019-01-25,520.0,520.5,523.0,516.75,51098
2019-01-24,521.5,527.0,529.0,521.0,50940
2019-01-23,526.0,522.5,527.0,521.75,45101
2019-01-22,521.25,518.0,526.0,514.25,75782
2019-01-18,517.75,519.75,522.75,515.25,50525
2019-01-17,517.75,511.5,522.5,509.0,65567
2019-01-16,512.5,511.0,516.75,511.0,43239
2019-01-15,511.0,514.75,518.25,508.0,55274
2019-01-14,514.25,520.0,523.5,513.25,49124
2019-01-11,519.5,513.75,523.75,512.75,73285
2019-01-10,513.75,519.5,520.25,512.0,59321
2019-01-09,520.0,519.75,523.75,518.25,57344
2019-01-08,517.75,516.5,524.5,513.75,71731
2019-01-07,516.75,518.0,518.5,513.5,41549
2019-01-04,517.0,513.75,518.75,513.0,44054
2019-01-03,513.75,506.75,516.0,506.0,48800
2019-01-02,506.75,502.5,510.75,501.25,46442
2018-12-31,503.25,512.75,513.5,503.0,41278
2018-12-28,511.5,511.75,514.0,509.5,25157
2018-12-27,510.5,511.5,513.0,507.25,32657
2018-12-26,510.0,516.0,520.75,509.0,32515
2018-12-24,516.5,512.0,518.0,511.0,22528
2018-12-21,514.0,522.0,524.0,512.25,62687
2018-12-20,523.5,524.0,527.75,521.25,45087
2018-12-19,522.5,532.75,533.0,521.5,49708
2018-12-18,532.75,534.0,536.0,530.0,40246
2018-12-17,535.25,531.0,537.5,530.0,37079
2018-12-14,527.75,527.75,527.75,527.75,50289
2018-12-13,527.75,526.25,527.75,526.25,43
2018-12-12,515.25,520.75,520.75,515.25,12
2018-12-11,509.75,511.0,511.0,509.75,5
2018-12-10,514.75,522.75,522.75,514.75,12
2018-12-07,519.5,505.25,519.5,505.25,59
2018-12-06,505.25,510.0,510.0,499.5,516
2018-12-04,519.25,514.75,520.75,514.75,325
2018-12-03,515.75,524.25,525.25,514.0,2392
2018-11-30,515.75,497.25,517.75,497.25,2386
2018-11-29,496.5,497.75,501.5,492.0,16126
2018-11-28,497.5,497.25,501.0,494.75,20279
2018-11-27,498.0,506.75,510.0,497.5,27085
2018-11-26,507.5,503.0,508.0,501.75,39278
2018-11-23,499.75,500.75,507.5,499.0,49829
2018-11-21,498.75,500.5,504.25,497.75,30005
2018-11-20,500.75,497.5,502.5,495.5,39183
2018-11-19,498.5,506.5,507.25,496.0,51159
2018-11-16,506.75,505.25,508.75,502.75,41461
2018-11-15,505.5,503.0,509.0,503.0,71987
2018-11-14,503.0,507.75,511.0,501.0,80899
2018-11-13,507.75,518.25,520.75,506.0,104436
2018-11-12,519.75,502.5,520.75,501.25,115466
2018-11-09,502.0,507.5,508.0,500.75,92760
2018-11-08,507.75,509.5,517.0,503.25,110059
2018-11-07,510.25,512.5,514.25,507.25,70287
2018-11-06,512.0,507.25,514.0,505.5,51325
2018-11-05,507.25,511.25,512.25,503.75,54254
2018-11-02,508.75,507.0,509.75,502.75,56556
2018-11-01,508.0,500.5,510.0,500.5,85216
2018-10-31,500.5,499.75,501.75,490.0,82416
2018-10-30,499.75,505.5,507.5,497.0,69051
2018-10-29,507.25,510.25,515.0,502.75,66037
2018-10-26,505.25,487.25,506.75,486.75,143195
2018-10-25,487.25,499.75,499.75,485.5,84387
2018-10-24,499.5,510.0,510.75,496.75,76184
2018-10-23,509.0,508.0,511.25,505.25,47851
2018-10-22,508.0,514.0,514.25,507.25,47980
2018-10-19,514.75,513.0,518.5,510.75,45873
2018-10-18,513.0,516.0,519.5,511.0,42084
2018-10-17,517.5,524.0,524.5,516.0,39427
2018-10-16,523.5,525.75,527.0,521.0,50816
2018-10-15,525.0,518.5,526.0,514.75,53487
2018-10-12,517.25,507.75,519.0,507.25,54233
2018-10-11,508.0,510.75,521.0,506.5,71251
2018-10-10,510.5,516.75,518.0,510.25,42673
2018-10-09,515.0,513.5,520.5,511.25,47599
2018-10-08,514.0,524.0,525.5,512.75,54161
2018-10-05,521.0,518.0,524.5,517.25,49345
2018-10-04,518.0,515.75,520.75,513.75,53592
2018-10-03,515.25,521.25,527.25,514.25,65957
2018-10-02,519.25,510.5,524.75,505.25,92439
2018-10-01,509.5,510.0,515.25,505.5,69142
2018-09-28,509.0,513.0,518.0,505.5,74077
2018-09-27,513.0,517.75,522.0,511.25,58588
2018-09-26,517.5,521.25,527.0,516.75,46386
2018-09-25,520.75,525.25,525.75,516.25,62771
2018-09-24,527.0,522.0,531.25,520.0,55279
2018-09-21,521.75,521.0,524.25,515.0,43332
2018-09-20,524.0,523.0,525.75,516.0,58421
2018-09-19,522.5,511.0,523.25,510.5,59629
2018-09-18,510.5,506.25,514.25,506.25,58176
2018-09-17,506.25,513.5,517.75,505.5,72042
2018-09-14,480.0,478.5,480.0,478.5,86639
2018-09-13,471.75,473.0,473.0,471.75,2
2018-09-12,481.75,500.5,503.5,478.0,28
2018-09-11,493.75,497.25,497.25,493.75,1
2018-09-10,504.0,488.0,504.0,488.0,49
2018-09-07,486.25,487.0,487.25,486.25,98
2018-09-06,486.0,490.0,492.25,486.0,243
2018-09-05,493.75,501.0,507.5,493.75,839
2018-09-04,502.75,507.25,507.25,491.75,2246
2018-08-31,518.5,509.5,522.25,509.5,0
2018-08-30,508.0,517.5,525.0,502.5,15482
2018-08-29,515.75,498.0,520.0,496.0,21637
2018-08-28,498.25,500.25,504.25,494.75,22072
2018-08-27,499.25,513.75,513.75,499.0,23190
2018-08-24,514.75,522.0,522.0,513.0,52011
2018-08-23,522.0,529.0,535.5,515.5,35630
2018-08-22,526.0,526.5,533.0,520.5,35802
2018-08-21,527.25,544.0,544.25,526.25,38076
2018-08-20,542.25,562.0,562.75,540.75,42927
2018-08-17,560.5,542.25,563.0,535.0,66479
2018-08-16,542.25,532.5,547.75,531.0,45520
2018-08-15,532.25,541.0,542.75,528.25,70666
2018-08-14,541.75,534.75,544.25,532.25,58391
2018-08-13,533.5,546.5,549.75,530.5,94158
2018-08-10,546.75,564.75,574.0,545.75,113918
2018-08-09,564.5,570.5,573.75,561.75,87215
2018-08-08,570.0,569.75,578.0,564.5,91814
2018-08-07,568.25,575.25,586.25,564.0,106029
2018-08-06,574.5,555.0,576.25,551.5,75848
2018-08-03,556.25,563.25,567.75,554.0,78469
2018-08-02,560.5,559.5,593.0,559.0,150993
2018-08-01,558.25,555.25,566.0,550.75,100631
2018-07-31,553.75,545.5,565.0,540.5,97008
2018-07-30,546.5,533.5,551.75,532.75,72662
2018-07-27,530.5,536.0,542.0,525.25,94998
2018-07-26,536.5,544.75,553.75,532.0,128991
2018-07-25,542.75,511.5,545.25,511.25,145913
2018-07-24,510.25,511.5,516.25,505.25,66279
2018-07-23,513.75,518.0,522.5,512.0,74226
2018-07-20,516.0,503.5,519.75,503.0,76739
2018-07-19,504.25,493.75,505.75,490.25,57474
2018-07-18,494.5,498.25,505.0,493.75,54257
2018-07-17,497.75,491.0,504.25,487.75,70281
2018-07-16,488.5,495.25,498.5,486.75,62009
2018-07-13,481.5,478.0,481.5,478.0,81163
2018-07-12,482.5,484.25,484.25,482.5,74
2018-07-11,469.75,469.75,469.75,469.75,14
2018-07-10,489.5,503.0,503.0,485.75,51
2018-07-09,507.75,509.5,509.75,504.25,55
2018-07-06,512.75,500.25,513.25,500.25,161
2018-07-05,504.0,507.0,508.75,503.25,166
2018-07-03,491.5,480.75,495.0,480.5,0
2018-07-02,480.25,497.25,505.0,477.25,881
2018-06-29,497.5,479.5,504.0,479.5,2486
2018-06-28,479.5,478.0,485.25,474.25,13880
2018-06-27,479.5,470.0,482.25,468.75,30819
2018-06-26,469.5,477.5,481.75,466.75,27495
2018-06-25,476.75,490.25,491.0,473.75,28206
2018-06-22,491.25,495.75,497.5,487.0,38618
2018-06-21,495.25,490.75,498.75,482.25,51246
2018-06-20,488.25,477.75,490.0,474.75,55871
2018-06-19,477.75,489.5,490.5,467.5,102770
2018-06-18,490.0,495.5,499.0,487.75,75216
2018-06-15,499.5,515.75,517.0,487.0,98171
2018-06-14,501.5,515.75,517.0,498.25,113599
2018-06-13,516.5,535.0,538.75,514.5,123831
2018-06-12,534.5,514.75,538.25,510.25,145449
2018-06-11,514.5,520.0,528.25,511.75,95718
2018-06-08,520.0,528.25,533.5,513.25,128275
2018-06-07,526.75,522.25,537.0,519.25,121868
2018-06-06,519.75,509.75,531.25,507.5,102300
2018-06-05,510.0,507.0,518.75,506.0,106924
2018-06-04,505.25,520.25,521.25,503.25,104589
2018-06-01,523.25,524.5,528.0,518.25,84217
2018-05-31,526.25,522.0,531.75,515.25,86994
2018-05-30,522.0,534.75,534.75,516.5,106721
2018-05-29,536.5,547.5,554.0,531.5,140350
2018-05-25,543.0,530.0,544.75,528.25,86023
2018-05-24,530.25,531.0,545.25,529.25,136823
2018-05-23,531.0,520.75,531.75,517.25,91158
2018-05-22,521.5,505.5,530.25,502.75,121340
2018-05-21,507.25,523.0,525.5,504.25,101857
2018-05-18,518.25,497.5,518.75,495.25,98776
2018-05-17,497.5,496.0,505.0,495.0,68134
2018-05-16,494.25,493.75,498.75,491.0,56225
2018-05-15,493.5,490.5,496.25,486.25,74723
2018-05-14,480.5,479.25,480.5,479.25,66355
2018-05-11,489.5,489.5,489.5,489.5,25
2018-05-10,507.75,515.75,515.75,507.75,56
2018-05-09,514.5,508.0,514.5,508.0,30
2018-05-08,517.75,515.5,517.75,515.5,7
2018-05-07,514.0,515.0,515.0,514.0,72
2018-05-04,527.5,537.0,537.0,527.5,115
2018-05-03,540.5,525.75,540.5,523.5,186
2018-05-02,525.75,525.0,533.25,522.5,170
2018-05-01,529.75,511.25,529.75,510.25,549
2018-04-30,512.5,500.0,515.5,499.75,2353
2018-04-27,495.5,484.0,495.75,480.25,16632
2018-04-26,480.75,485.25,491.5,476.5,23003
2018-04-25,486.25,473.0,488.5,472.25,28837
2018-04-24,472.5,461.25,473.0,455.5,29307
2018-04-23,461.5,464.25,469.0,458.75,56901
2018-04-20,463.25,476.25,476.75,462.25,47332
2018-04-19,476.75,477.5,480.0,471.75,43868
2018-04-18,475.25,466.25,476.0,465.5,51497
2018-04-17,466.25,463.75,470.75,461.5,55331
2018-04-16,462.25,466.5,470.25,461.5,81262
2018-04-13,472.5,480.25,481.25,469.5,63766
2018-04-12,481.0,483.5,484.75,474.75,80170
2018-04-11,487.25,491.0,492.0,483.0,101287
2018-04-10,492.0,492.0,494.0,481.75,130242
2018-04-09,490.75,478.0,493.75,474.75,133935
2018-04-06,472.25,461.5,472.75,459.25,76592
2018-04-05,464.75,458.0,466.0,456.5,73154
2018-04-04,455.75,457.0,461.5,447.0,94458
2018-04-03,457.5,448.5,463.5,448.25,99826
2018-04-02,446.25,454.25,457.25,445.75,67069
2018-03-29,451.0,447.5,455.75,441.5,89823
2018-03-28,445.5,449.5,452.5,444.5,55976
2018-03-27,449.0,454.25,457.5,448.75,57977
2018-03-26,454.25,462.5,463.75,451.25,65958
2018-03-23,460.25,455.25,461.75,446.5,78521
2018-03-22,455.75,453.5,459.75,451.25,64101
2018-03-21,453.5,453.5,454.5,446.75,79013
2018-03-20,453.0,452.5,457.5,450.0,92600
2018-03-19,450.75,465.0,466.0,450.25,109989
2018-03-16,467.75,478.75,482.25,467.0,83127
2018-03-15,478.75,488.75,493.25,476.0,76230
2018-03-14,495.75,485.0,496.5,485.0,64369
2018-03-13,485.5,494.5,503.25,485.5,41
2018-03-12,489.75,486.0,489.75,483.5,62
2018-03-09,489.0,495.0,495.0,486.0,289
2018-03-08,494.75,495.25,495.75,494.75,115
2018-03-07,493.0,505.0,505.0,493.0,222
2018-03-06,502.0,498.75,502.0,496.75,195
2018-03-05,502.25,497.0,502.25,493.0,368
2018-03-02,492.0,506.25,506.25,489.0,496
2018-03-01,505.5,491.25,506.25,482.75,908
2018-02-28,484.5,464.5,487.5,464.0,5720
2018-02-27,463.25,462.0,465.75,460.25,32833
2018-02-26,459.5,458.5,464.0,455.75,51730
2018-02-23,452.25,452.0,456.25,451.5,47639
2018-02-22,451.25,447.75,452.0,444.75,47639
2018-02-21,447.25,450.0,452.0,445.5,76893
2018-02-20,449.25,459.75,463.25,449.0,86763
2018-02-16,457.75,463.5,464.5,456.75,69865
2018-02-15,461.75,455.75,463.5,452.25,79652
2018-02-14,455.75,458.0,460.75,453.75,92771
2018-02-13,460.75,465.0,467.25,459.0,139468
2018-02-12,464.0,452.0,465.0,451.5,130177
2018-02-09,449.0,454.25,456.0,448.25,119895
2018-02-08,456.25,461.75,464.5,451.25,133037
2018-02-07,460.5,449.0,461.75,447.75,149038
2018-02-06,446.25,442.0,447.75,438.75,80120
2018-02-05,440.25,443.25,445.75,438.75,100967
2018-02-02,446.75,449.75,451.0,445.0,69044
2018-02-01,451.0,451.0,451.5,443.25,112717
2018-01-31,451.75,458.5,458.75,447.5,121250
2018-01-30,457.25,454.0,458.5,449.75,130214
2018-01-29,449.25,443.0,449.75,443.0,109243
2018-01-26,441.0,435.0,442.5,434.25,83104
2018-01-25,434.5,433.0,438.75,429.5,91598
2018-01-24,433.0,422.25,433.75,420.75,113542
2018-01-23,421.5,423.5,425.0,419.75,57485
2018-01-22,425.75,424.5,427.5,423.25,51153
2018-01-19,422.75,425.25,427.25,421.5,39936
2018-01-18,425.25,422.25,425.75,421.25,53107
2018-01-17,421.5,416.75,423.25,415.5,53024
2018-01-16,416.5,420.25,422.75,413.25,83268
2018-01-12,420.5,433.25,436.0,418.75,131033
2018-01-11,433.25,434.25,434.5,428.5,73166
2018-01-10,434.25,432.25,435.0,431.5,62125
2018-01-09,432.25,427.75,433.75,425.25,63519
2018-01-08,427.75,430.25,432.25,425.75,71822
2018-01-05,430.75,433.0,433.75,427.5,62551
2018-01-04,434.0,435.75,436.0,431.0,58728
2018-01-03,436.0,435.25,437.0,432.0,70970
2018-01-02,433.5,428.25,436.25,428.25,71354
2017-12-29,427.0,426.25,428.0,424.0,37219
2017-12-28,427.75,427.5,428.75,425.25,31942
2017-12-27,428.0,422.25,428.25,420.75,36729
2017-12-26,422.25,424.0,426.75,420.75,27392
2017-12-22,424.75,426.75,429.0,424.25,26982
2017-12-21,427.0,424.0,427.5,422.5,44546
2017-12-20,423.5,418.75,424.5,416.25,54040
2017-12-19,419.5,420.5,424.0,419.0,39615
2017-12-18,420.5,420.25,423.5,419.5,47968
2017-12-15,418.25,418.75,421.5,415.0,49118
2017-12-14,395.0,395.0,395.0,395.0,51997
2017-12-13,392.25,392.25,392.25,392.25,47
2017-12-12,387.25,387.25,387.25,387.25,152
2017-12-11,387.75,386.5,387.75,386.5,57
2017-12-08,392.0,395.5,395.5,391.5,212
2017-12-07,394.25,396.25,397.25,394.0,163
2017-12-06,398.5,407.25,407.25,398.5,137
2017-12-05,406.0,410.25,411.0,405.75,1143
2017-12-04,410.25,416.0,419.0,410.25,945
2017-12-01,414.5,409.0,414.75,408.0,3444
2017-11-30,409.25,415.25,417.25,407.75,14085
2017-11-29,416.5,410.75,417.25,410.5,37717
2017-11-28,410.75,410.25,412.25,405.25,40902
2017-11-27,409.5,415.5,416.0,408.75,43929
2017-11-24,415.75,422.0,422.25,412.5,53954
2017-11-22,422.75,424.75,426.25,420.75,46591
2017-11-21,424.75,421.75,428.75,420.25,62064
2017-11-20,422.0,427.75,428.0,419.25,65116
2017-11-17,427.25,421.5,428.0,421.0,60658
2017-11-16,421.5,421.5,424.5,419.5,65598
2017-11-15,420.0,427.75,428.25,418.0,76382
2017-11-14,428.0,424.75,429.5,423.25,93367
2017-11-13,424.25,432.0,432.0,422.25,110242
2017-11-10,431.5,429.5,434.25,426.75,105996
2017-11-09,429.0,425.75,432.0,423.75,155471
2017-11-08,426.75,427.25,427.5,419.0,94736
2017-11-07,427.25,430.25,431.0,424.0,113496
2017-11-06,430.75,427.0,431.25,427.0,84448
2017-11-03,425.75,427.0,429.0,422.25,68733
2017-11-02,426.0,417.5,426.75,417.5,70604
2017-11-01,418.0,418.75,422.0,416.5,66275
2017-10-31,418.5,425.0,426.25,416.25,93958
2017-10-30,424.75,427.5,428.25,422.5,49312
2017-10-27,427.25,430.5,431.25,424.75,62473
2017-10-26,431.75,435.5,437.5,431.0,45422
2017-10-25,435.5,438.0,443.0,433.75,59314
2017-10-24,438.0,438.0,438.75,433.0,47691
2017-10-23,436.75,426.25,438.25,423.75,82204
2017-10-20,426.0,433.0,436.0,425.0,51120
2017-10-19,432.75,430.5,436.25,429.5,53114
2017-10-18,430.0,434.75,435.25,429.0,47231
2017-10-17,434.75,436.5,440.75,433.5,46207
2017-10-16,436.5,440.0,442.75,435.5,46504
2017-10-13,439.5,430.75,440.75,430.5,52240
2017-10-12,430.5,432.5,437.75,428.0,74220
2017-10-11,433.25,435.0,435.5,429.75,72062
2017-10-10,435.25,436.75,439.75,434.0,54050
2017-10-09,436.0,444.0,445.75,435.5,59165
2017-10-06,443.5,440.5,444.75,438.75,47870
2017-10-05,440.75,443.25,444.0,438.0,57909
2017-10-04,442.0,448.75,449.25,441.5,57486
2017-10-03,448.0,445.0,450.5,443.25,81890
2017-10-02,444.75,446.5,448.5,439.5,75645
2017-09-29,448.25,455.5,459.0,446.25,93111
2017-09-28,455.0,462.0,462.0,454.0,57166
2017-09-27,461.5,454.0,462.75,449.0,74383
2017-09-26,453.75,453.5,460.75,451.5,70890
2017-09-25,454.0,448.0,454.75,444.0,64118
2017-09-22,449.5,452.5,455.0,448.0,58488
2017-09-21,452.5,451.75,454.5,445.5,61678
2017-09-20,449.75,443.25,452.0,442.75,62184
2017-09-19,443.0,442.75,446.75,435.75,71986
2017-09-18,443.5,448.5,450.75,442.25,54102
2017-09-15,449.0,443.5,450.25,440.75,60896
2017-09-14,428.25,428.25,428.25,428.25,64496
2017-09-13,420.75,426.0,426.0,420.75,4
2017-09-12,419.5,415.0,419.5,415.0,18
2017-09-11,412.25,417.75,418.5,412.25,17
2017-09-08,413.75,415.75,415.75,412.5,48
2017-09-07,413.5,421.0,421.0,412.0,126
2017-09-06,421.75,425.0,428.0,421.0,148
2017-09-05,430.5,428.25,433.5,428.0,410
2017-09-01,420.5,410.75,421.75,408.75,610
2017-08-31,410.25,403.5,411.0,402.75,1462
2017-08-30,403.5,403.0,407.0,400.0,12502
2017-08-29,402.75,400.5,404.0,394.5,22855
2017-08-28,400.0,406.25,410.0,398.75,25836
2017-08-25,409.5,409.0,412.75,408.5,26934
2017-08-24,409.0,403.25,411.25,400.75,32187
2017-08-23,403.25,402.5,408.5,401.25,31826
2017-08-22,402.25,410.75,413.0,402.0,33255
2017-08-21,409.5,414.5,418.75,408.75,26381
2017-08-18,416.0,414.0,417.75,412.0,34048
2017-08-17,414.0,419.5,422.25,412.25,51298
2017-08-16,419.25,429.5,435.75,417.0,72242
2017-08-15,429.5,440.0,440.25,428.0,71502
2017-08-14,441.0,436.5,441.75,431.0,73545
2017-08-11,439.25,441.5,444.0,434.5,89532
2017-08-10,440.5,459.5,462.0,439.25,103449
2017-08-09,459.5,457.25,461.5,454.0,76420
2017-08-08,457.0,463.75,468.0,454.75,92366
2017-08-07,463.5,457.75,464.0,454.25,71287
2017-08-04,454.75,457.75,461.5,453.5,56076
2017-08-03,457.75,461.0,463.75,454.25,63497
2017-08-02,460.75,462.0,466.75,455.75,82583
2017-08-01,461.25,469.0,478.0,460.5,83058
2017-07-31,474.5,478.75,480.75,471.5,54205
2017-07-28,481.0,480.25,489.25,478.0,49702
2017-07-27,479.75,478.25,485.5,477.5,47248
2017-07-26,477.75,476.0,481.0,473.0,58005
2017-07-25,474.0,494.75,495.25,473.25,93082
2017-07-24,488.75,496.25,496.5,483.0,90517
2017-07-21,499.25,506.5,510.25,497.5,72396
2017-07-20,505.75,504.5,508.25,495.0,68993
2017-07-19,503.0,504.0,509.0,500.0,71108
2017-07-18,503.75,509.0,517.75,503.0,76020
2017-07-17,506.0,509.5,512.0,502.75,60380
2017-07-14,494.75,494.75,494.75,494.75,71746
2017-07-13,495.5,516.0,516.0,495.5,9
2017-07-12,522.5,533.5,534.25,521.5,145
2017-07-11,535.5,531.25,535.5,528.5,46
2017-07-10,530.5,530.75,531.0,530.5,62
2017-07-07,515.25,515.75,524.0,514.5,102
2017-07-06,519.0,519.0,528.75,519.0,199
2017-07-05,539.25,544.5,553.5,517.5,488
2017-07-03,536.75,518.25,539.0,518.25,1127
2017-06-30,511.0,480.25,511.5,480.25,3794
2017-06-29,480.25,457.0,483.75,456.25,30879
2017-06-28,457.25,453.5,459.25,451.5,23422
2017-06-27,453.25,450.0,457.0,449.25,28315
2017-06-26,450.0,458.0,460.75,449.25,42687
2017-06-23,459.75,464.75,467.0,459.0,58267
2017-06-22,461.25,464.5,465.25,455.5,62654
2017-06-21,464.5,473.5,473.75,463.5,71144
2017-06-20,472.5,469.0,474.75,463.0,85159
2017-06-19,467.0,463.75,473.25,458.5,111586
2017-06-16,465.25,456.0,468.5,455.5,117468
2017-06-15,453.75,443.0,457.25,437.25,115587
2017-06-14,443.0,445.0,452.25,441.75,102300
2017-06-13,445.0,437.25,446.25,436.75,101356
2017-06-12,434.0,443.25,444.0,431.25,110890
2017-06-09,445.75,448.75,454.25,443.75,119222
2017-06-08,449.25,447.25,455.75,446.0,138856
2017-06-07,444.75,438.0,448.75,437.5,128326
2017-06-06,435.75,429.25,440.75,429.25,104056
2017-06-05,429.5,428.75,433.25,425.5,78886
2017-06-02,429.5,428.0,434.0,426.5,54076
2017-06-01,429.0,429.5,431.25,421.25,73752
2017-05-31,429.25,433.5,436.25,428.25,66676
2017-05-30,429.5,438.5,439.25,426.25,77245
2017-05-26,438.25,430.25,439.0,429.25,48908
2017-05-25,430.75,431.5,436.0,430.25,43992
2017-05-24,432.5,429.25,433.0,427.5,46732
2017-05-23,429.5,433.5,435.75,428.0,65200
2017-05-22,434.25,437.0,442.5,434.0,68282
2017-05-19,435.25,425.25,436.75,425.25,54650
2017-05-18,425.75,429.25,429.25,421.25,66127
2017-05-17,427.0,423.0,432.25,421.5,63689
2017-05-16,424.25,423.25,426.0,420.25,73173
2017-05-15,423.25,430.25,431.0,421.5,67802
2017-05-12,425.0,445.25,445.25,416.25,48739
2017-05-11,426.0,425.75,434.0,425.75,13
2017-05-10,424.0,424.0,424.0,420.75,27
2017-05-09,421.75,421.0,423.25,420.5,30
2017-05-08,418.0,426.0,426.0,418.0,60
2017-05-05,427.5,428.0,428.0,427.5,9
2017-05-04,426.0,442.0,442.0,425.75,351
2017-05-03,443.0,442.0,443.0,440.0,602
2017-05-02,441.5,445.75,450.75,440.0,233
2017-05-01,442.75,423.75,442.75,423.75,1080
2017-04-28,418.5,413.0,418.5,413.0,2487
2017-04-27,413.5,407.0,415.0,406.0,25256
2017-04-26,407.75,409.0,413.75,405.75,31169
2017-04-25,408.75,402.75,411.0,398.5,50470
2017-04-24,402.5,406.5,408.5,401.25,37648
2017-04-21,405.0,406.0,408.0,400.0,77283
2017-04-20,406.25,418.0,421.75,405.25,72667
2017-04-19,419.0,421.5,425.75,417.5,59271
2017-04-18,422.5,421.75,423.75,419.0,67014
2017-04-17,421.0,430.25,431.25,419.75,67540
2017-04-13,429.75,432.5,436.0,428.75,102775
2017-04-12,433.25,433.75,436.5,431.5,111957
2017-04-11,433.25,428.0,434.75,423.75,143518
2017-04-10,428.75,423.75,429.0,422.5,83114
2017-04-07,424.0,422.75,425.25,419.5,89806
2017-04-06,423.25,429.0,430.75,421.75,51898
2017-04-05,429.75,427.25,430.5,425.0,69263
2017-04-04,427.0,426.75,432.25,425.75,59636
2017-04-03,427.75,430.25,434.0,427.0,72143
2017-03-31,426.5,422.0,432.25,416.5,97629
2017-03-30,421.0,425.5,426.25,419.5,55136
2017-03-29,425.5,424.0,427.5,422.5,54185
2017-03-28,424.5,421.0,425.75,419.25,51332
2017-03-27,420.75,426.0,426.0,418.25,51967
2017-03-24,424.75,421.5,426.25,420.75,49583
2017-03-23,421.0,421.5,424.75,420.0,48848
2017-03-22,422.25,427.0,427.25,421.25,52127
2017-03-21,426.5,430.5,430.5,423.0,63987
2017-03-20,430.25,439.25,442.75,429.0,58040
2017-03-17,436.25,434.75,437.75,433.0,31605
2017-03-16,436.0,436.0,440.75,434.5,42947
2017-03-15,436.0,431.0,437.0,430.5,49625
2017-03-14,412.0,412.25,413.0,412.0,58513
2017-03-13,412.25,419.5,419.5,412.25,49
2017-03-10,422.75,428.0,428.0,422.75,14
2017-03-09,426.0,432.0,432.5,425.0,27
2017-03-08,427.5,431.5,431.5,426.0,189
2017-03-07,436.0,440.0,440.0,432.25,306
2017-03-06,438.25,436.0,441.75,436.0,587
2017-03-03,433.75,430.25,434.25,429.0,729
2017-03-02,432.0,436.75,437.75,432.0,1153
2017-03-01,435.5,424.25,435.5,422.75,1611
2017-02-28,424.75,420.0,435.5,419.5,7864
2017-02-27,418.75,430.0,431.0,418.25,38376
2017-02-24,431.25,438.25,438.5,430.0,52859
2017-02-23,438.0,441.25,444.25,436.25,34394
2017-02-22,441.25,436.0,443.0,435.25,49816
2017-02-21,436.0,439.75,440.75,435.0,55218
2017-02-17,441.0,445.5,447.5,440.25,66629
2017-02-16,447.75,453.5,464.25,445.25,91910
2017-02-15,454.75,449.0,455.5,446.25,53895
2017-02-14,449.5,450.5,452.0,446.25,63197
2017-02-13,452.25,447.75,456.0,444.25,119108
2017-02-10,449.0,442.5,450.75,441.0,126174
2017-02-09,443.5,430.5,444.0,429.5,150249
2017-02-08,432.5,430.5,433.25,427.5,93300
2017-02-07,430.75,422.5,431.0,419.75,106310
2017-02-06,422.5,429.0,432.25,422.25,61389
2017-02-03,430.25,434.5,435.75,429.25,58722
2017-02-02,434.5,432.75,437.75,429.75,73989
2017-02-01,433.75,421.0,434.5,417.0,102491
2017-01-31,420.75,414.0,421.25,413.0,60231
2017-01-30,414.0,417.5,419.25,412.75,59660
2017-01-27,420.5,426.5,427.5,419.25,64696
2017-01-26,427.0,425.25,430.5,421.75,59387
2017-01-25,424.5,425.75,428.75,423.0,46225
2017-01-24,426.75,433.0,434.75,426.0,57334
2017-01-23,433.25,429.0,433.75,427.5,51610
2017-01-20,428.25,423.5,428.75,421.5,56203
2017-01-19,423.5,430.5,430.75,422.75,64375
2017-01-18,431.0,433.25,434.5,428.25,67785
2017-01-17,433.5,426.5,437.5,423.75,107763
2017-01-13,426.0,426.25,426.75,419.25,72435
2017-01-12,426.25,419.0,430.0,414.5,133095
2017-01-11,418.75,426.25,426.25,412.0,109829
2017-01-10,426.75,426.75,427.25,423.5,64135
2017-01-09,427.25,424.75,428.25,421.0,69623
2017-01-06,423.25,425.75,428.0,421.75,64726
2017-01-05,426.25,418.75,427.0,416.25,86772
2017-01-04,418.5,406.5,419.0,404.75,59201
2017-01-03,406.5,408.75,414.0,405.75,65585
2016-12-30,408.0,404.75,409.25,403.5,33934
2016-12-29,404.75,402.5,406.75,402.5,29865
2016-12-28,401.5,409.75,410.0,400.25,43964
2016-12-27,409.5,394.5,411.0,394.5,67774
2016-12-23,393.5,397.0,398.25,392.75,31852
2016-12-22,397.0,399.25,400.5,396.5,37047
2016-12-21,399.5,402.5,404.5,399.0,32138
2016-12-20,403.25,406.0,407.75,400.25,35449
2016-12-19,405.0,412.25,413.0,403.0,52115
2016-12-16,409.25,407.75,411.0,404.5,47320
2016-12-15,409.25,418.0,418.25,408.5,61058
2016-12-14,391.5,397.25,397.25,391.5,39165
2016-12-13,398.0,400.5,404.0,398.0,34
2016-12-12,401.25,397.75,401.25,397.5,25
2016-12-09,400.25,395.5,400.25,395.5,10
2016-12-08,390.75,396.5,396.5,389.75,34
2016-12-07,386.25,389.0,389.0,385.0,257
2016-12-06,389.5,393.0,393.0,388.25,95
2016-12-05,389.25,389.75,394.0,389.25,379
2016-12-02,387.5,373.0,387.5,371.5,724
2016-12-01,371.5,376.5,379.75,369.5,1549
2016-11-30,380.5,384.25,391.5,380.0,4932
2016-11-29,384.0,389.0,389.0,382.75,40687
2016-11-28,389.5,396.25,397.0,388.75,57169
2016-11-25,395.75,401.75,403.75,394.5,46044
2016-11-23,401.5,407.0,407.25,396.25,64716
2016-11-22,407.25,410.0,412.25,405.25,56798
2016-11-21,410.25,409.0,412.0,404.5,57584
2016-11-18,408.0,403.0,410.0,400.25,53488
2016-11-17,403.0,397.75,406.0,396.5,60284
2016-11-16,397.0,399.25,401.0,396.75,70180
2016-11-15,399.0,394.0,402.0,392.75,73260
2016-11-14,394.0,402.75,403.75,392.5,80273
2016-11-10,404.75,409.5,414.25,402.0,105341
2016-11-09,406.75,416.5,417.75,403.75,131826
2016-11-08,415.25,410.5,419.75,408.25,132281
2016-11-07,410.0,414.25,415.75,406.5,79192
2016-11-04,414.25,414.0,415.25,410.25,46124
2016-11-03,412.0,417.5,420.0,409.0,70194
2016-11-02,417.75,414.5,420.25,412.0,77145
2016-11-01,414.25,416.25,418.25,410.75,76666
2016-10-31,416.25,411.5,417.0,408.75,69456
2016-10-28,408.5,416.25,417.5,407.25,45840
2016-10-27,414.5,411.5,418.75,411.25,62056
2016-10-26,411.5,404.0,414.0,402.75,71491
2016-10-25,404.25,403.75,406.75,398.75,61130
2016-10-24,402.5,414.25,416.75,400.75,82892
2016-10-21,414.5,417.0,418.5,413.25,38986
2016-10-20,417.0,419.5,422.75,415.25,49984
2016-10-19,420.25,420.5,422.25,413.0,61517
2016-10-18,420.0,425.0,425.5,418.25,60252
2016-10-17,423.75,418.25,425.75,416.0,68644
2016-10-14,421.0,415.25,428.25,414.75,105412
2016-10-13,416.0,396.5,417.0,396.5,108555
2016-10-12,396.75,405.25,414.0,396.0,96067
2016-10-11,407.25,402.75,408.75,401.25,69906
2016-10-07,394.75,397.75,401.0,394.25,61770
2016-10-06,395.75,407.0,409.5,393.5,82996
2016-10-05,405.0,395.0,408.5,392.0,82177
2016-10-04,395.5,396.5,398.25,392.5,41951
2016-10-03,395.5,399.75,401.75,391.5,73010
2016-09-30,402.0,398.5,403.75,390.0,90561
2016-09-29,399.0,401.75,406.75,397.75,47733
2016-09-28,403.25,404.5,407.25,401.75,40835
2016-09-27,404.0,397.25,405.0,394.0,60932
2016-09-26,396.0,401.75,407.0,395.25,55425
2016-09-23,404.75,403.75,409.5,401.25,44340
2016-09-22,405.5,405.25,411.75,404.25,41465
2016-09-21,407.75,405.0,409.0,402.25,37396
2016-09-20,406.0,402.25,410.0,401.5,43011
2016-09-19,404.0,404.0,409.0,399.75,45558
2016-09-16,403.25,398.0,404.75,393.75,49762
2016-09-15,399.5,401.0,406.75,398.0,42993
2016-09-14,376.75,376.75,376.75,376.75,57171
2016-09-13,374.75,383.0,383.0,374.75,6
2016-09-12,383.25,382.0,384.5,381.5,29
2016-09-09,376.0,376.75,376.75,376.0,36
2016-09-08,377.0,375.5,377.0,375.5,18
2016-09-07,375.25,371.75,376.75,371.75,64
2016-09-06,371.0,371.0,376.5,369.75,55
2016-09-02,373.25,368.25,374.25,367.25,245
2016-09-01,368.25,363.0,369.0,362.5,712
2016-08-31,361.0,363.5,367.0,359.5,2335
2016-08-30,363.25,370.0,374.25,361.5,27620
2016-08-29,370.5,383.5,384.0,369.5,29038
2016-08-26,383.5,401.25,402.25,381.0,35451
2016-08-25,401.25,404.5,407.75,400.75,17860
2016-08-24,404.0,407.75,409.25,402.5,25597
2016-08-23,407.75,415.0,415.0,406.75,38969
2016-08-22,415.25,427.0,429.25,414.0,39066
2016-08-19,427.0,426.25,432.5,422.5,38691
2016-08-18,427.0,424.5,428.0,420.0,38516
2016-08-17,426.0,423.0,428.5,419.5,44740
2016-08-16,423.5,420.0,428.0,414.5,69172
2016-08-15,422.0,421.25,430.0,417.25,82009
2016-08-12,422.5,416.0,423.25,406.0,79674
2016-08-11,416.25,420.0,424.0,413.5,98818
2016-08-10,421.75,416.5,427.5,414.5,90634
2016-08-09,417.0,415.0,419.25,411.5,88193
2016-08-08,417.0,418.5,423.5,411.5,129025
2016-08-05,416.0,403.25,418.5,403.0,114185
2016-08-04,403.25,410.5,416.0,402.5,54088
2016-08-03,410.25,402.0,415.0,401.0,66098
2016-08-02,401.25,406.0,410.5,399.25,60901
2016-08-01,406.0,410.75,415.5,404.75,68357
2016-07-29,407.75,411.5,412.75,403.5,61173
2016-07-28,410.25,414.5,420.0,408.25,56838
2016-07-27,414.75,416.75,421.0,414.0,46739
2016-07-26,415.0,427.5,429.25,414.0,64182
2016-07-25,429.0,425.75,435.25,421.0,89270
2016-07-22,425.25,417.25,427.0,407.0,82418
2016-07-21,417.75,414.0,419.75,408.75,67833
2016-07-20,413.0,419.25,423.75,406.5,78390
2016-07-19,418.0,427.75,428.25,416.25,53844
2016-07-18,429.5,425.0,431.75,420.25,62265
2016-07-15,424.75,434.0,439.75,424.0,76867
2016-07-14,421.75,431.25,431.25,421.75,72305
2016-07-13,426.25,430.0,434.0,426.25,56
2016-07-12,424.0,416.25,424.0,415.5,56
2016-07-11,416.25,423.5,423.75,416.25,118
2016-07-08,420.75,421.0,424.0,420.75,84
2016-07-07,412.0,417.25,421.25,410.75,169
2016-07-06,415.75,415.25,418.75,408.0,355
2016-07-05,419.5,416.25,419.5,405.0,308
2016-07-01,416.25,430.25,431.0,414.25,735
2016-06-30,431.25,429.75,438.75,423.0,2435
2016-06-29,429.5,443.75,447.25,428.5,16274
2016-06-28,443.75,446.25,454.75,442.75,20654
2016-06-27,446.75,454.75,460.0,446.0,20891
2016-06-24,454.75,454.5,456.0,441.75,44990
2016-06-23,454.25,458.25,461.5,453.25,42623
2016-06-22,458.75,460.0,465.25,458.25,49107
2016-06-21,458.5,473.0,476.5,457.25,65922
2016-06-20,473.0,480.5,480.75,472.25,58397
2016-06-17,481.25,473.75,482.5,472.5,62549
2016-06-16,472.5,477.5,479.5,471.0,67811
2016-06-15,477.5,485.0,489.75,477.0,74692
2016-06-14,485.0,491.5,493.5,481.25,105522
2016-06-13,491.25,495.5,503.25,490.75,107395
2016-06-10,495.0,510.25,512.5,494.25,127494
2016-06-09,510.25,518.75,519.0,506.0,105867
2016-06-08,519.5,507.25,524.0,506.0,138771
2016-06-07,509.0,507.0,513.5,500.75,113852
2016-06-06,507.5,496.0,514.75,496.0,116771
2016-06-03,497.25,484.25,498.25,482.25,113652
2016-06-02,485.5,473.5,487.0,472.75,92411
2016-06-01,473.75,464.5,474.75,463.0,66398
2016-05-31,464.5,481.0,483.75,463.5,99987
2016-05-27,481.5,481.25,484.75,478.5,72037
2016-05-26,481.25,465.75,482.25,465.5,100179
2016-05-25,466.0,464.0,469.0,463.0,48818
2016-05-24,464.0,462.25,470.0,457.75,67393
2016-05-23,462.0,466.0,469.0,461.0,57510
2016-05-20,467.75,467.75,474.5,464.25,62463
2016-05-19,468.75,478.5,479.5,462.5,89560
2016-05-18,480.0,481.25,484.75,477.0,62478
2016-05-17,481.75,472.75,484.5,472.75,74128
2016-05-16,474.75,474.0,476.5,467.5,50581
2016-05-13,465.0,458.0,466.0,458.0,76197
2016-05-12,458.5,452.5,458.5,452.5,24
2016-05-11,449.5,454.0,454.0,449.5,3
2016-05-10,451.5,450.0,458.75,446.75,25
2016-05-09,447.0,454.75,454.75,446.0,153
2016-05-06,453.25,453.5,458.5,453.25,356
2016-05-05,453.0,460.0,461.5,452.75,329
2016-05-04,460.5,460.75,465.25,460.0,343
2016-05-03,459.75,480.0,481.5,458.25,751
2016-05-02,477.0,476.0,479.0,471.75,1837
2016-04-29,478.0,472.25,480.5,470.5,5031
2016-04-28,475.5,474.75,486.75,472.0,15480
2016-04-27,474.25,478.0,482.0,471.5,20360
2016-04-26,479.75,471.0,480.5,467.0,18275
2016-04-25,471.25,466.75,478.75,462.0,25575
2016-04-22,467.0,494.0,494.0,465.25,69802
2016-04-21,495.75,503.0,510.75,490.75,62582
2016-04-20,504.25,485.5,504.75,484.75,59456
2016-04-19,486.25,473.0,487.75,471.0,79828
2016-04-18,472.75,461.75,477.0,460.5,100740
2016-04-15,459.75,459.25,462.25,454.75,72123
2016-04-14,459.75,461.5,465.5,454.25,90505
2016-04-13,461.5,452.5,466.75,450.0,111478
2016-04-12,452.5,448.0,457.0,446.5,93141
2016-04-11,447.25,458.0,458.75,446.0,103496
2016-04-08,460.25,457.5,462.5,456.25,82236
2016-04-07,457.0,463.0,465.25,456.75,76550
2016-04-06,463.0,473.0,473.75,461.5,77657
2016-04-05,474.0,475.0,476.5,470.0,42643
2016-04-04,474.75,476.0,479.0,470.25,52802
2016-04-01,475.75,473.25,476.25,466.25,59592
2016-03-31,473.5,464.0,475.0,455.25,114421
2016-03-30,464.0,476.0,477.5,463.0,76784
2016-03-29,476.75,471.0,477.5,470.5,50203
2016-03-28,471.0,465.75,477.25,463.5,63256
2016-03-24,463.0,463.5,464.5,458.5,39232
2016-03-23,463.0,467.5,468.0,462.5,34997
2016-03-22,466.75,466.5,470.5,463.25,47966
2016-03-21,466.5,468.75,472.0,463.75,59600
2016-03-18,463.0,463.0,464.25,457.5,39643
2016-03-17,462.5,471.5,476.0,460.25,86914
2016-03-16,470.75,476.75,477.0,469.75,39822
2016-03-15,477.25,478.5,479.25,473.0,40065
2016-03-14,471.5,469.0,473.5,469.0,44445
2016-03-11,469.75,472.5,472.75,467.75,237
2016-03-10,471.5,463.25,471.5,463.25,55
2016-03-09,463.75,461.0,463.75,454.75,145
2016-03-08,461.25,454.75,461.25,454.75,153
2016-03-07,457.75,460.0,462.25,457.75,106
2016-03-04,454.75,454.25,458.5,453.25,330
2016-03-03,453.25,442.75,456.5,442.75,1000
2016-03-02,442.75,440.0,443.0,435.25,1337
2016-03-01,438.5,445.0,446.75,437.75,1101
2016-02-29,445.0,446.25,448.5,443.0,2087
2016-02-26,443.25,445.0,447.25,439.5,24548
2016-02-25,445.25,443.25,446.75,440.5,22796
2016-02-24,442.75,447.5,448.0,438.0,41098
2016-02-23,448.0,458.0,459.25,447.5,54134
2016-02-22,458.5,461.0,463.25,458.0,50119
2016-02-19,461.75,462.0,464.25,460.0,53430
2016-02-18,462.25,468.75,468.75,461.75,84535
2016-02-17,468.5,463.75,470.0,462.5,69086
2016-02-16,464.25,460.25,465.0,459.75,78290
2016-02-12,457.5,458.75,462.0,455.0,69342
2016-02-11,458.25,460.5,465.75,457.75,105497
2016-02-10,461.25,457.75,462.75,456.5,98224
2016-02-09,457.5,458.75,460.25,455.0,93619
2016-02-08,458.5,466.0,468.75,457.5,106709
2016-02-05,466.75,473.75,474.0,465.5,124187
2016-02-04,472.75,479.0,482.5,472.5,82202
2016-02-03,480.0,475.75,480.5,474.5,75261
2016-02-02,475.25,475.75,483.0,473.25,81869
2016-02-01,475.25,476.25,477.0,471.25,54739
2016-01-29,479.25,472.25,479.75,470.75,63054
2016-01-28,472.25,477.0,477.0,470.5,54662
2016-01-27,476.5,484.75,485.75,473.5,76816
2016-01-26,484.75,481.5,488.5,478.0,70110
2016-01-25,481.5,476.0,483.75,475.5,69027
2016-01-22,475.5,475.5,480.0,472.5,48741
2016-01-21,475.0,473.0,480.0,470.5,66429
2016-01-20,471.5,473.0,475.5,467.25,57335
2016-01-19,474.5,475.0,479.0,470.5,53537
2016-01-15,473.75,468.75,474.5,465.0,51486
2016-01-14,468.75,478.0,478.0,468.0,61410
2016-01-13,478.0,480.5,484.25,476.5,63921
2016-01-12,481.25,470.25,483.25,462.5,111042
2016-01-11,469.0,481.25,481.5,466.5,70055
2016-01-08,478.5,468.25,480.0,467.5,86311
2016-01-07,468.5,464.0,469.0,456.25,65716
2016-01-06,462.75,461.25,465.75,456.75,44780
2016-01-05,461.25,460.25,464.75,458.5,52297
2016-01-04,458.25,472.75,473.5,456.0,79124
2015-12-31,470.0,469.75,472.5,468.75,24123
2015-12-30,469.75,476.5,479.5,469.25,41223
2015-12-29,475.75,467.5,476.75,467.0,36636
2015-12-28,466.5,468.0,472.5,466.0,30601
2015-12-24,467.5,468.5,471.75,467.25,20910
2015-12-23,469.5,472.5,475.0,468.0,41185
2015-12-22,471.75,480.0,482.75,471.25,45031
2015-12-21,479.0,486.0,491.0,478.25,45649
2015-12-18,486.75,486.0,499.0,481.0,72904
2015-12-17,484.0,482.75,488.25,472.25,72702
2015-12-16,483.5,493.25,497.0,483.25,56697
2015-12-15,494.25,491.0,498.0,486.25,50977
2015-12-14,487.75,488.0,490.5,487.75,36250
2015-12-11,482.75,487.5,491.25,480.0,46
2015-12-10,484.5,478.5,487.75,476.75,32
2015-12-09,478.0,469.75,479.75,469.75,36
2015-12-08,470.75,471.0,471.75,466.5,134
2015-12-07,470.25,474.75,474.75,470.25,284
2015-12-04,471.25,465.0,471.25,465.0,328
2015-12-03,464.75,452.0,469.0,452.0,419
2015-12-02,452.25,458.25,459.0,451.25,794
2015-12-01,456.5,460.0,464.0,456.5,1375
2015-11-30,460.0,460.75,464.75,458.75,9457
2015-11-27,465.75,479.0,479.5,465.0,22654
2015-11-25,479.25,484.0,487.5,479.0,38901
2015-11-24,484.25,494.75,495.0,483.25,32158
2015-11-23,495.0,485.0,497.25,484.0,40480
2015-11-20,488.5,489.5,494.75,486.5,39212
2015-11-19,490.75,483.25,492.75,481.5,42704
2015-11-18,483.25,487.5,490.25,480.5,49902
2015-11-17,487.5,493.5,494.0,484.5,73394
2015-11-16,494.0,494.75,498.0,490.0,41435
2015-11-13,495.75,496.25,499.75,491.25,50136
2015-11-12,498.0,495.0,500.5,492.5,87359
2015-11-11,494.75,491.0,498.0,490.0,83843
2015-11-10,490.75,502.0,504.0,488.0,133293
2015-11-09,501.75,520.5,521.25,501.25,131560
2015-11-06,523.25,524.5,526.0,517.75,91783
2015-11-05,526.25,524.25,529.0,520.25,115823
2015-11-04,526.25,516.0,530.75,508.25,112473
2015-11-03,516.5,507.5,517.0,505.75,64386
2015-11-02,508.0,520.0,522.75,506.75,70898
2015-10-30,522.0,515.25,523.5,515.0,85681
2015-10-29,515.0,506.0,517.5,505.0,94994
2015-10-28,506.0,507.75,508.75,500.0,71717
2015-10-27,509.25,510.0,518.0,506.5,82173
2015-10-26,509.0,493.25,512.0,493.25,108092
2015-10-23,490.5,490.75,494.0,484.75,71235
2015-10-22,490.75,494.75,500.75,490.5,50127
2015-10-21,494.75,491.75,497.5,490.25,42879
2015-10-20,491.25,486.25,491.75,483.25,46451
2015-10-19,485.75,491.25,493.5,484.25,71086
2015-10-16,492.25,502.25,506.0,489.75,91068
2015-10-15,502.5,507.75,512.75,502.0,40391
2015-10-14,508.25,518.5,519.75,507.5,56488
2015-10-13,519.0,506.75,521.75,505.0,68044
2015-10-12,506.75,507.75,510.5,503.25,43655
2015-10-09,509.25,511.0,519.5,504.0,80570
2015-10-08,511.5,516.0,522.0,509.25,68794
2015-10-07,516.75,525.75,531.5,515.0,68717
2015-10-06,526.25,514.0,527.0,513.0,68615
2015-10-05,515.5,512.25,518.0,508.75,51397
2015-10-02,513.25,517.75,523.0,511.75,62642
2015-10-01,518.25,512.0,523.75,511.75,95783
2015-09-30,512.75,503.25,515.5,498.25,103544
2015-09-29,503.75,506.0,509.75,500.5,46925
2015-09-28,505.5,508.5,515.5,500.0,67309
2015-09-25,507.75,497.75,510.5,496.25,59650
2015-09-24,497.25,507.0,509.0,496.75,55079
2015-09-23,507.5,494.5,508.5,493.75,76320
2015-09-22,495.5,496.5,496.75,488.25,51729
2015-09-21,496.75,485.75,499.25,480.5,67083
2015-09-18,486.75,481.25,488.75,480.0,44517
2015-09-17,481.5,488.25,489.75,480.5,41222
2015-09-16,488.25,494.75,495.25,483.0,57613
2015-09-15,494.75,500.0,503.25,492.25,58317
2015-09-14,485.75,483.75,493.0,483.75,80355
2015-09-11,475.5,468.5,475.5,460.75,123
2015-09-10,468.0,462.75,468.75,462.75,128
2015-09-09,462.0,465.5,470.25,462.0,164
2015-09-08,465.25,456.75,467.5,456.75,219
2015-09-04,457.75,456.75,459.0,455.5,467
2015-09-03,456.5,473.5,473.5,456.0,1373
2015-09-02,473.0,483.75,485.75,469.25,2241
2015-09-01,484.0,482.0,488.5,481.0,1851
2015-08-31,482.5,477.0,484.0,470.75,5907
2015-08-28,477.0,484.75,487.5,476.0,20907
2015-08-27,484.25,490.25,495.5,481.75,40564
2015-08-26,489.75,498.0,499.75,488.5,24807
2015-08-25,495.0,504.75,511.25,492.5,29852
2015-08-24,503.25,498.75,504.5,486.75,38298
2015-08-21,499.5,504.0,507.0,495.75,36214
2015-08-20,506.25,495.25,507.75,495.25,39146
2015-08-19,496.25,495.0,498.5,491.0,39649
2015-08-18,494.25,499.5,503.25,493.25,38650
2015-08-17,500.5,504.75,509.25,498.5,42118
2015-08-14,506.5,503.25,512.25,497.75,50412
2015-08-13,503.25,493.0,504.75,492.0,71663
2015-08-12,492.25,507.25,514.75,484.0,103263
2015-08-11,507.25,522.5,524.25,504.0,95677
2015-08-10,525.5,512.0,530.0,509.25,89220
2015-08-07,510.5,507.75,514.0,503.75,82793
2015-08-06,507.0,502.0,514.0,498.25,89887
2015-08-05,502.0,494.25,504.5,492.0,67497
2015-08-04,493.5,499.0,506.75,491.25,63486
2015-08-03,499.0,497.25,501.75,490.5,56799
2015-07-31,499.25,496.75,503.5,495.75,64474
2015-07-30,496.5,495.75,504.75,493.75,69188
2015-07-29,496.25,512.0,512.5,495.5,68770
2015-07-28,510.75,502.5,512.5,501.75,78774
2015-07-27,502.5,511.0,511.75,501.25,61326
2015-07-24,511.75,520.75,523.75,509.5,55254
2015-07-23,521.5,516.75,527.0,516.5,53193
2015-07-22,516.75,524.0,528.25,515.25,71935
2015-07-21,524.75,533.5,537.75,523.75,71225
2015-07-20,532.75,553.0,553.0,530.5,64326
2015-07-17,554.0,561.75,561.75,546.0,66022
2015-07-16,562.25,567.5,574.0,561.5,62170
2015-07-15,566.75,569.5,569.75,558.5,73106
2015-07-14,583.5,587.25,589.75,582.0,63921
2015-07-13,586.75,581.5,586.75,573.25,441
2015-07-10,581.5,573.5,581.5,565.0,415
2015-07-09,572.25,577.75,580.0,572.25,195
2015-07-08,572.25,576.0,581.5,570.0,438
2015-07-07,579.5,587.75,587.75,573.25,839
2015-07-06,588.5,580.0,591.25,567.25,1141
2015-07-02,585.75,587.25,596.5,571.0,1707
2015-07-01,587.5,611.5,615.75,576.5,1985
2015-06-30,614.75,581.0,614.75,576.0,6344
2015-06-29,580.5,557.0,587.0,556.5,34257
2015-06-26,562.25,532.0,566.25,530.25,79507
2015-06-25,532.0,517.25,533.0,513.0,39891
2015-06-24,518.0,522.25,530.0,514.25,47285
2015-06-23,521.5,501.75,522.75,501.75,61302
2015-06-22,501.25,487.75,504.0,487.25,46204
2015-06-19,488.5,487.5,492.25,483.5,58134
2015-06-18,488.0,491.5,498.0,487.25,59159
2015-06-17,491.25,490.75,499.75,489.75,70462
2015-06-16,488.75,489.0,495.0,487.0,67525
2015-06-15,489.25,503.75,503.75,486.0,85937
2015-06-12,503.75,504.0,510.75,500.5,60187
2015-06-11,504.25,514.0,515.5,502.5,96999
2015-06-10,513.5,533.25,537.5,512.5,154342
2015-06-09,532.25,527.5,537.25,524.0,113552
2015-06-08,528.0,517.0,532.75,516.0,103337
2015-06-05,517.0,525.0,534.0,516.0,145062
2015-06-04,523.75,510.0,524.25,504.0,100423
2015-06-03,510.75,513.75,526.25,508.25,116592
2015-06-02,512.5,495.25,513.25,493.0,96582
2015-06-01,493.75,478.0,495.5,474.0,90078
2015-05-29,477.0,488.0,489.25,474.5,81444
2015-05-28,488.75,489.0,494.75,483.0,80155
2015-05-27,487.75,496.0,496.25,482.0,103568
2015-05-26,493.5,515.25,519.75,492.0,102712
2015-05-22,515.25,521.5,529.0,511.0,76964
2015-05-21,522.0,514.5,528.0,511.0,91976
2015-05-20,513.0,511.0,515.75,503.0,82319
2015-05-19,510.25,519.75,524.75,503.75,84320
2015-05-18,521.75,511.0,530.25,508.0,89702
2015-05-15,511.0,515.0,519.75,506.0,96766
2015-05-14,501.75,490.25,503.25,490.25,147584
2015-05-13,481.0,481.25,481.75,472.75,37
2015-05-12,479.25,476.5,489.75,476.5,194
2015-05-11,476.25,473.5,476.25,473.5,30
2015-05-08,476.5,468.0,476.5,468.0,142
2015-05-07,465.75,472.75,478.0,465.75,176
2015-05-06,475.75,467.0,478.25,464.25,197
2015-05-05,464.0,468.75,469.75,460.0,280
2015-05-04,469.25,471.75,471.75,465.0,451
2015-05-01,470.0,469.5,472.25,465.25,688
2015-04-30,467.0,477.0,481.75,465.0,2722
2015-04-29,477.25,472.0,478.25,469.0,13223
2015-04-28,471.5,472.0,474.0,460.0,17459
2015-04-27,470.25,486.5,488.0,469.5,19322
2015-04-24,486.0,498.25,499.5,485.0,29515
2015-04-23,497.75,499.5,503.5,497.5,31255
2015-04-22,498.75,500.25,504.75,496.25,25143
2015-04-21,500.75,498.5,506.5,494.25,44517
2015-04-20,498.75,495.0,499.25,492.0,50204
2015-04-17,494.5,494.25,499.75,490.75,45430
2015-04-16,494.5,490.0,495.5,489.0,69497
2015-04-15,490.75,498.5,503.75,490.0,74272
2015-04-14,497.0,504.25,506.25,496.25,89811
2015-04-13,502.25,518.0,520.0,501.5,105802
2015-04-10,526.5,518.0,527.5,515.5,97676
2015-04-09,518.75,525.5,526.75,513.75,92579
2015-04-08,526.25,528.0,530.75,518.25,91366
2015-04-07,526.0,526.0,534.0,517.75,81410
2015-04-06,527.75,537.5,543.75,525.0,53328
2015-04-02,536.25,528.0,544.25,522.5,93322
2015-04-01,528.5,513.0,529.0,506.0,83997
2015-03-31,511.75,531.75,531.75,509.0,103920
2015-03-30,530.25,513.25,531.0,508.75,88442
2015-03-27,507.75,499.0,509.0,499.0,55820
2015-03-26,499.25,519.0,525.25,498.25,84097
2015-03-25,519.0,523.0,528.25,516.0,46777
2015-03-24,523.5,531.25,531.75,522.5,57560
2015-03-23,534.0,533.25,540.5,531.75,58101
2015-03-20,530.0,511.0,530.5,510.0,70791
2015-03-19,512.0,516.0,520.0,505.25,55533
2015-03-18,510.75,503.0,512.5,500.75,44511
2015-03-17,503.5,515.5,518.0,503.0,51560
2015-03-16,514.0,503.25,515.75,493.0,59482
2015-03-13,508.75,520.25,520.25,508.25,57249
2015-03-12,513.25,503.0,516.75,503.0,29
2015-03-11,503.0,502.75,503.75,501.5,26
2015-03-10,496.5,490.75,496.5,489.0,83
2015-03-09,494.25,491.25,499.75,491.25,54
2015-03-06,485.75,482.25,488.75,482.25,305
2015-03-05,481.25,491.75,492.5,481.0,609
2015-03-04,493.5,507.0,509.0,491.25,1558
2015-03-03,508.75,508.5,509.5,500.5,1527
2015-03-02,508.0,517.25,521.25,507.25,2490
2015-02-27,517.5,507.0,523.0,502.0,2654
2015-02-26,503.25,498.0,504.5,491.25,13499
2015-02-25,497.75,506.5,506.5,496.0,12524
2015-02-24,505.75,505.75,513.25,504.5,18575
2015-02-23,505.75,510.75,515.0,503.5,32153
2015-02-20,510.25,526.5,531.5,509.5,59446
2015-02-19,527.75,528.0,537.25,523.75,45850
2015-02-18,527.75,537.0,543.5,523.5,63119
2015-02-17,534.75,534.5,548.0,531.75,62801
2015-02-13,533.0,520.75,534.25,519.5,85848
2015-02-12,521.25,523.25,527.75,518.25,92568
2015-02-11,525.75,520.75,528.0,515.75,96606
2015-02-10,521.75,527.0,530.75,518.5,86985
2015-02-09,529.75,527.0,532.25,521.5,77084
2015-02-06,527.0,526.5,534.0,516.5,85342
2015-02-05,525.75,511.25,527.75,508.5,84138
2015-02-04,511.0,514.5,521.75,507.5,64767
2015-02-03,513.75,493.5,515.75,493.0,71013
2015-02-02,492.75,503.0,505.5,492.25,58166
2015-01-30,502.75,508.0,511.75,497.0,67223
2015-01-29,507.75,506.0,512.25,500.75,76823
2015-01-28,505.25,519.0,520.5,503.0,78409
2015-01-27,519.0,519.5,524.25,517.5,40915
2015-01-26,520.5,530.75,534.75,519.25,52607
2015-01-23,530.0,532.75,536.0,526.25,57432
2015-01-22,533.75,536.5,542.5,532.5,44525
2015-01-21,536.75,537.25,544.5,535.5,50807
2015-01-20,537.0,532.25,539.75,523.0,62926
2015-01-16,532.75,536.75,542.0,531.25,54200
2015-01-15,532.75,540.5,545.0,528.0,59519
2015-01-14,537.75,548.0,549.75,536.0,66809
2015-01-13,548.0,555.5,566.75,547.25,61834
2015-01-12,555.5,563.0,567.0,554.0,74233
2015-01-09,563.75,568.0,574.0,561.75,54780
2015-01-08,567.0,580.0,581.0,565.75,49560
2015-01-07,579.5,594.25,594.5,578.5,46079
2015-01-06,591.75,588.0,603.5,586.0,52463
2015-01-05,589.0,579.75,597.5,579.0,45078
2015-01-02,581.25,589.75,591.0,574.75,38997
